;http://www.hcdmza.gov.ar/proy/viewer.php?nro=25161;25161;AHUMADA,ARTURO;   ;CONVOCANDO A LA COMISION DE OP AL MINISTRO DE AMBIENTE Y OP;CD;R ;PJ;09/02/2000
;http://www.hcdmza.gov.ar/proy/viewer.php?nro=25184;25184;AHUMADA,ARTURO;MARTIN CASTANOS  ;SOLIDARIZANDOSE CON ADJUDICATARIOS DEL BCO.HIPOT.NAC. REPRIMIDOS POR POLICIA FEDERAL EN LA PLAZA DEL CONGRESO EL 10-02;CD;R ;PJ;11/02/2000
;http://www.hcdmza.gov.ar/proy/viewer.php?nro=25282;25282;AHUMADA,ARTURO;   ;ESTABLECIENDO REGIMEN DESCUENTO OBLIGATORIO DE DEBITOSTRIBUTARIOS A LOS IMPU. AUTOMOTOR E INMOBILIARIO A APLICAR ATODOS FUNCIONARIOS PUBLICOS.;CD;L ;PJ;01/03/2000
;http://www.hcdmza.gov.ar/proy/viewer.php?nro=25308;25308;AHUMADA,ARTURO;   ;MODIFICANDO ART. 37 LEY 3799 Y ART. 17, 21 INC. B) Y 110INC. E) LEY 4416 Y DEROGANDO ARTS. 75, 76 Y 81 LEY 5908MANEJO PROVINCIAL-      -DESREGULACION ECONOMICA-;CD;L ;PJ;08/03/2000
;http://www.hcdmza.gov.ar/proy/viewer.php?nro=25349;25349;AHUMADA,ARTURO;   ;ESTABLECIENDO QUE LAS OBRAS PUBLICAS PROVINCIALES PODRAN SEREJECUTADAS POR EMPRESAS LOCALES Y EXTRANJERAS (COMPRE MENDOCINO);CD;L ;PJ;10/03/2000
;http://www.hcdmza.gov.ar/proy/viewer.php?nro=25354;25354;AHUMADA,ARTURO;   ;SOLICITANDO PE QUE EN EL TERMINO DE 10 DIAS DE CUMPLIMIENTOA LO ESTABLECIDO POR EL ART. 5 DE LA ELY 6748;CD;R ;PJ;13/03/2000
;http://www.hcdmza.gov.ar/proy/viewer.php?nro=25456;25456;AHUMADA,ARTURO;VILLANUEVA   ;SOLICITANDO PE HABILITE EL TRATAMIENTO DE LOS PROYECTO DELEY OBRANTES EXPTES. 25282, 25308, 25349 Y 25452;CD;R ;PJ;21/03/2000
;http://www.hcdmza.gov.ar/proy/viewer.php?nro=25452;25452;AHUMADA,ARTURO;   ;ESTABLECIENDO MIN.AMB.O.P. ELABORARA UN PRESUPUESTOPLURIANUAL DENOMINADO "PLAN GENERAL DE OBRAS PUBLICAS";CD;L ;PJ;21/03/2000
;http://www.hcdmza.gov.ar/proy/viewer.php?nro=25686;25686;AHUMADA,ARTURO;   ;SOLICITANDO MIN.HAC. INFORME SOBRE LA SITUACION FISCAL PROVINCIAL DE LA EMPRESA AEROPUERTOS ARGENTINOS 2000 S.A.CONCESIONARIA DEL AEROPUERTO INTERNACIONAL "FRANC. GABRIELLI;CD;R ;PJ;17/04/2000
;http://www.hcdmza.gov.ar/proy/viewer.php?nro=25674;25674;AHUMADA,ARTURO;   ;SOLICITANDO ORGANISMO REGULADOR DEL SISTEMA DE AEROPUERTOSO.R.S.N.A. DE SOLUCION A LOS RECLAMOS POR TASAS Y DERECHOSQUE EFECTUA LA MUNICIPALIDAD LAS HERAS AL CONCESIONARIO;CD;R ;PJ;17/04/2000
;http://www.hcdmza.gov.ar/proy/viewer.php?nro=25743;25743;AHUMADA,ARTURO;CRUZ   ;SOLICITANDO PE INFORME SOBRE EJECUCION PRESUPUESTARIA AL30-04-00;CD;R ;PJ;26/04/2000
;http://www.hcdmza.gov.ar/proy/viewer.php?nro=25804;25804;AHUMADA,ARTURO;CASTANOS   ;ESTABLECIENDO QUE LOS DEUDORES HIPOTEC. SOBRE INMUEB. CON VIVIENDA UNICA CONTRUIDA CON FONDOS ESTATALES GOZARAN DEL BENEFICIO DE LITIGAR SIN GASTOS;CD;L ;PJ;01/05/2000
;http://www.hcdmza.gov.ar/proy/viewer.php?nro=25841;25841;AHUMADA,ARTURO;   ;SOLICITANDO PE PARA CONSIDERAR LA DENUNCIA EFECTUADA PORLEGISLADORES A LA EMPRESA JUAN MINETTI S.A. ANTE COMISIONDEFENSA DE LA COMPETENCIA, POR ABUSO DE POSICION MER. CEMENT;CD;R ;PJ;08/05/2000
;http://www.hcdmza.gov.ar/proy/viewer.php?nro=25843;25843;AHUMADA,ARTURO;   ;DECLARANDO INTERES H. CAMARA CONVENIO CELEBRADO ENTRE LASMUNICIPALIDADES DE LAS HERAS Y LA D.N.MINERIA, EN EL MARCODEL PRAGRAMA HUELLAS MINERAS;CD;R ;PJ;08/05/2000
;http://www.hcdmza.gov.ar/proy/viewer.php?nro=25842;25842;AHUMADA,ARTURO;   ;MODIFICANDO ART. 2 LEY 6752 INC. 2) -LEY IMPOSITIVA ANO 2000;CD;L ;PJ;08/05/2000
;http://www.hcdmza.gov.ar/proy/viewer.php?nro=25849;25849;AHUMADA,ARTURO;   ;SOLICITANDO PE REMITA TODOS LOS ANTECEDENTES CON RESPECTOA LA SITUACION DE LA INDUSTRIA DEL CEMENTO EN LA PROVINCIA;CD;R ;PJ;10/05/2000
;http://www.hcdmza.gov.ar/proy/viewer.php?nro=25852;25852;AHUMADA,ARTURO;   ;QUE LA ADMINISTRACION FEDERAL DE INGRESOS PUBLICOS (AFIP)INFORME SOBRE LA SITUACION FISCAL DE LA EMPRESA JUAN MINETTIS.A.;CD;D ;PJ;10/05/2000
;http://www.hcdmza.gov.ar/proy/viewer.php?nro=25850;25850;AHUMADA,ARTURO;   ;SOLICITANDO PE INFORME LA SITUACION LABORAL DEL PERSONAL DELA EMPRESA JUAN MINETTI S.A. Y LAS MEDIDAS ADOPTADAS;CD;R ;PJ;10/05/2000
;http://www.hcdmza.gov.ar/proy/viewer.php?nro=25910;25910;AHUMADA,ARTURO;   ;DECLARANDO INTERES SOCIAL PROVINCIAL LA CONSOLIDACION Y/OMANTENIMIENTO DE LAS FUENTES DE TRABAJO, CON FINES DESOLIDARIDAD SOCIAL;CD;L ;PJ;17/05/2000
;http://www.hcdmza.gov.ar/proy/viewer.php?nro=25918;25918;AHUMADA,ARTURO;VILLANUEVA   ;SOLICITANDO PE DESTINARA DE 30% HASTA 50% DE LOS FONDOSAFECTADOS AL PLAN DD INTEGRACION Y DESARROLLO SOCIAL, PARALA EMISION DE TICKET CANASTA SOCIAL DE LA PROVINCIA DE MZA.;CD;L ;PJ;17/05/2000
;http://www.hcdmza.gov.ar/proy/viewer.php?nro=25949;25949;AHUMADA,ARTURO;   ;SOLICITANDO PE INFORME SOBRE LA GUIA DE EDUCACION AMBIENTALFLORA Y FAUNA DE MENDOZA;CD;R ;PJ;19/05/2000
;http://www.hcdmza.gov.ar/proy/viewer.php?nro=26228;26228;AHUMADA,ARTURO;VILLANUEVA   ;INVITANDO AL MINIST. DE AMB. Y OP A REUNION CON LAS COMISIONES DE LABOR PARL., H.P. Y DE O.P.I. A FIN DE INFORMAR SOBREEL FONDO FIDUCIARIO DE OBRAS PUBLICAS;CD;R ;PJ;01/06/2000
;http://www.hcdmza.gov.ar/proy/viewer.php?nro=26067;26067;AHUMADA,ARTURO;   ;SOLICITANDO MIN.HAC. INFORME POLITICA RESPECTO A LOS TITULOSPRENDARIOS DE LUJAN WILLIAMS SERIES 3,4 Y 6 CLASE A, QUECONTABILIZA EL FON.PRO.TRA.CRE.;CD;R ;PJ;02/06/2000
;http://www.hcdmza.gov.ar/proy/viewer.php?nro=26117;26117;AHUMADA,ARTURO;CASTANOS   ;FACULTANDO AL FONDO DE ENTES RESIDUALES A CONVENIR CON ELFIDEICOMISO MENDOZA, LA FINANCIACION DE LOS SALDOS PENDIENTEPOR GESTION DE CREDITO;CD;L ;PJ;08/06/2000
;http://www.hcdmza.gov.ar/proy/viewer.php?nro=26142;26142;AHUMADA,ARTURO;   ;QUE PE REALICE GESTIONES PARA QUE LA PROXIMA REUNION DEGOBERNADORES DEL MERCOSUR, SE REALICE EN NUESTRA PROVINCIA;CD;D ;PJ;13/06/2000
;http://www.hcdmza.gov.ar/proy/viewer.php?nro=26143;26143;AHUMADA,ARTURO;COCOLO SERRALTA  ;CREANDO EN EL AMBITO DEL MINISTERIO DE ECONOMIA, EL FONDO DEPROMOCION CLIMATICAS (FEC);CD;L ;PJ;13/06/2000
;http://www.hcdmza.gov.ar/proy/viewer.php?nro=26227;26227;AHUMADA,ARTURO;   ;MANIFESTANDO EL REPUDIO DE LA H. CAMARA Y CONSECUENTE RECHAZO A LAS MANIFESTACIONES DEL PRESIDENTE DE LA CAMARA DE COMERCIO DE LOS EEUU, THOMAS DONOHUE, AL PRESIDENTE DE LA RUA;CD;R ;PJ;20/06/2000
;http://www.hcdmza.gov.ar/proy/viewer.php?nro=26189;26189;AHUMADA,ARTURO;   ;SOLICITANDO PE TOME CONOCIMIENTO DE LA RESOLUCION DE LASECRETARIA DE ENERGIA DE LA NACION, RESPECTO AL AUMENTO DELAS TARIFAS ELECTRICAS;CD;R ;PJ;20/06/2000
;http://www.hcdmza.gov.ar/proy/viewer.php?nro=26188;26188;AHUMADA,ARTURO;   ;SOLICITANDO SECRETARIA DE ENERGIA DE LA NACION RECONSIDERELA RESOLUCION 111/00, RESPECTO AL AUMENTO DE LAS TARIFASELECTRICAS;CD;R ;PJ;20/06/2000
;http://www.hcdmza.gov.ar/proy/viewer.php?nro=26187;26187;AHUMADA,ARTURO;   ;SOLICITANDO AL PE LA PUBLICACION DE UN BOLETIN MENSUAL DEINGRESOS DE LA PROVINCIA;CD;R ;PJ;20/06/2000
;http://www.hcdmza.gov.ar/proy/viewer.php?nro=26278;26278;AHUMADA,ARTURO;SERRALTA   ;INSTRUYENDO AL PE PARA QUE TRANSFIERA A FAVOR DE LOSMUNICIPIOS TODOS LOS CREDITOS POR COBRAR DEL SERVICIO DEPROVISION DE ENERGIA QUE TITULARICE EMSE EN LIQUIDACION;CD;L ;PJ;03/07/2000
;http://www.hcdmza.gov.ar/proy/viewer.php?nro=26418;26418;AHUMADA,ARTURO;   ;SOLICITANDO A LA ADMINIST. NACIONAL DE VIALIDAD INFORME SOBRE EL GRADO DE CUMPLIMIENTO POR PARTE DE LA CONCESIONARIADEL MANTENIMIENTO DE LA RTA. NAC. 40 Y RTA. 7;CD;R ;PJ;27/07/2000
;http://www.hcdmza.gov.ar/proy/viewer.php?nro=26433;26433;AHUMADA,ARTURO;COCOLO   ;INVITANDO MIN.ECO. A COMISION DE H.P Y ECONOMIA A FIN DEINFORMAR SOBRE LAS ENTIDADES FINANCIERAS QUE HAN PARTICIPADOEN LA IMPLEMENTACION DE LA LEY 6759;CD;R ;PJ;31/07/2000
;http://www.hcdmza.gov.ar/proy/viewer.php?nro=26487;26487;AHUMADA,ARTURO;COCOLO   ;SOLICITANDO MIN.ECO. INFORME SOBRE LAS RESPONSABILIDADES DELESTADO RESPECTO A LA SITUACION DE LA COOPERATIVAVITIVINIFRUTICOLA LA DORMIDAD LTDA.;CD;R ;PJ;08/08/2000
;http://www.hcdmza.gov.ar/proy/viewer.php?nro=26488;26488;AHUMADA,ARTURO;   ;SOLICITANDO PTE. E.P.A.S. CONCURRA A COMISION DE SEG.PRI.OBR.SAN.MZA. E INFORMEN SOBRE MODIFICACIONES INTRODUCIDASPOR LA EMPRESA EN LA MODALIDAD DE COBRO DE FACTURACION;CD;R ;PJ;08/08/2000
;http://www.hcdmza.gov.ar/proy/viewer.php?nro=26494;26494;AHUMADA,ARTURO;   ;ESTABLECIENDO QUE LOS MUNICIPIOS PODRAN AUSPICIAR,DESARROLLAR Y FINANCIAR PROGRAMAS SOCIALES DE VIVIENDA EINFRAESTRUCTURA DE OBRAS PUBLICAS;CD;L ;PJ;08/08/2000
;http://www.hcdmza.gov.ar/proy/viewer.php?nro=26555;26555;AHUMADA,ARTURO;GONZALEZ FER   ;SOLICITANDO COM.BIC.SEG.PRI.O.S.M. CONVOQUE AL SUPERINTENDENGRAL IRRIGACION A FIN DE INFORMAR SOBRE EL VUELCO DE EFLUENTAL RIO MENDOZA POR PARTE DE LA PLANTA PARAMILLOS;CD;R ;PJ;16/08/2000
;http://www.hcdmza.gov.ar/proy/viewer.php?nro=26556;26556;AHUMADA,ARTURO;GONZALEZ FER   ;SOLICITANDO COM.BIC.SEG.PRI.O.S.M. CONVOQUE AL PTE. E.P.A.S.A FIN DE INFORMAR SOBRE EL VUELCO DE EFLUENTE AL RIO MZA.POR PARTE DE LA PLANTA PARAMILLOS;CD;R ;PJ;16/08/2000
;http://www.hcdmza.gov.ar/proy/viewer.php?nro=26577;26577;AHUMADA,ARTURO;   ;QUE EL INTENDENTE DE CAPITAL IMPLEMENTE LA HABILITACION DELOS CRUCES PEATONALES TRANSVERSALES A LAS VIAS DEL FERROCARRIL;CD;D ;PJ;18/08/2000
;http://www.hcdmza.gov.ar/proy/viewer.php?nro=26587;26587;AHUMADA,ARTURO;GIARRIZZO   ;SOLICITANDO D.P.V. INFORME SOBRE EL PROYECTO DE EJECUCION DELOS ANILLOS I Y II DEL AREA METROPOLITANA;CD;R ;PJ;22/08/2000
;http://www.hcdmza.gov.ar/proy/viewer.php?nro=26628;26628;AHUMADA,ARTURO;   ;MANIFESTANDO AL DIRECTORIO DE EPAS EL BENEPLACITO POR ELORDENAMIENTO E INICIO DE SOLUCION PARA LA CONCRECION DE LAPLANTA DE LIQUIDOS CLOACALES DEL ALGARROBAL;CD;R ;PJ;28/08/2000
;http://www.hcdmza.gov.ar/proy/viewer.php?nro=26686;26686;AHUMADA,ARTURO;   ;SOLICITANDO AL PE INFORME SOBRE LA PLANTA DE TRATAMIENTO DELIQUIDOS CLOACALES DE EL ALGARROBAL;CD;R ;PJ;04/09/2000
;http://www.hcdmza.gov.ar/proy/viewer.php?nro=26800;26800;AHUMADA,ARTURO;   ;SOLICITANDO EPAS INFORME SOBRE CONTROLES DE LOS LIQUIDOSEFLUENTES DE LAS PLANTAS DE TRATAMIENTO DE LIQUIDOSCLOACALES DE LA PROVINCIA;CD;R ;PJ;19/09/2000
;http://www.hcdmza.gov.ar/proy/viewer.php?nro=26830;26830;AHUMADA,ARTURO;   ;INVITANDO MIN.AMB.O.P. A REUNION DE COMISIONES A FIN DE QUEINFORME SOBRE EXPLOTACION PETROLERA DE LA EMPRESA REPSOL-YPFEN LA RESERVA DE LLANCANELO;CD;R ;PJ;22/09/2000
;http://www.hcdmza.gov.ar/proy/viewer.php?nro=27050;27050;AHUMADA,ARTURO;   ;SOLICITANDO MIN.AMB.O.P. GESTIONE A FIN DE ENCONTRAR UNASOLUCION TECNICO-FINANCIERA A LOS PROBLEMAS DE LA INDUSTRIAELECTROINTENSIVA STEIN-STI ARSA;CD;R ;PJ;24/10/2000
;http://www.hcdmza.gov.ar/proy/viewer.php?nro=27356;27356;AHUMADA,ARTURO;COCOLO CORDOBA  ;INSTITUYENDO COMO ENTIDAD NO ESTATAL EL "MERCADO CONSIGNATARIO DE VINOS DE MENDOZA";CD;L ;PJ;11/12/2000
;http://www.hcdmza.gov.ar/proy/viewer.php?nro=27375;27375;AHUMADA,ARTURO;CORDOBA COCOLO  ;INSTITUYENDO COMO ENTIDAD PUBLICA NO ESTATAL EL "MERCADOCONSIGNATARIO DE VINOS DE MENDOZA";CD;R ;PJ;12/12/2000
;http://www.hcdmza.gov.ar/proy/viewer.php?nro=27362;27362;AHUMADA,ARTURO;   ;DISTINGUIENDO AL DR. ABEL PASCUAL ALBINO BENACAR, DESTACADOPEDIATRA, POR HABER SIDO MERECEDOR DEL PREMIO "HIPOCRATES"2000;CD;R ;PJ;12/12/2000
;http://www.hcdmza.gov.ar/proy/viewer.php?nro=27587;27587;AHUMADA,ARTURO;SERRALTA   ;INVITANDO MIN.HAC. A CONCURRIR A COMISION L.P. A FIN DE QUEINFORME SOBRE LA DEUDA QUE MANTIENE EL ESTADO CON LA OSEP;CD;R ;PJ;29/01/2001
;http://www.hcdmza.gov.ar/proy/viewer.php?nro=27649;27649;AHUMADA,ARTURO;   ;SOLICITANDO PE INFORME SOBRE REGLAMENTACION PARA TODAS LASJURISDICCIONES DE LA ADMINISTRACION CENTRAL, SEGUN ART. 17LEY PRESUPUESTO (RITMO DEL GASTO);CD;R ;PJ;12/02/2001
;http://www.hcdmza.gov.ar/proy/viewer.php?nro=27654;27654;AHUMADA,ARTURO;PERE BOTTI SERRALTA  ;DEROGANDO LEY 4418 EN LO QUE HACE A LAS FUNCIONES DEL FISCALADJUNTO DE INVESTIGACIONES Y CREANDO LA FISCALIA DE INVESTI-GACIONES ADMINISTRATIVAS;CD;L ;PJ;12/02/2001
;http://www.hcdmza.gov.ar/proy/viewer.php?nro=27681;27681;AHUMADA,ARTURO;   ;SOLICITANDO AL DIRECTOR DE OSEP INFORME SOBRE LA DECISIONDE CENTRALIZAR LOS LABORATORIOS DEL HOSPITAL DEL CARMEN;CD;R ;PJ;15/02/2001
;http://www.hcdmza.gov.ar/proy/viewer.php?nro=27730;27730;AHUMADA,ARTURO;   ;REITERANDO AL PE EL PEDIDO DE INFORMES APROBADO POR RESOLUCION NRO. 227/00;CD;R ;PJ;26/02/2001
;http://www.hcdmza.gov.ar/proy/viewer.php?nro=27750;27750;AHUMADA,ARTURO;SERRALTA, CORTIZO DARIENZO ;ENCOMENDANDO COMISION BICAMERAL REORDENAMIENTO SANITARIO YTRANSF. SECTOR ELECTRICO SE CONSTITUYAN PARA ELABORARMEJORAS DEL FUNCIONAMIENTO DEL EPRE Y EPAS;CD;R ;PJ;27/02/2001
;http://www.hcdmza.gov.ar/proy/viewer.php?nro=27755;27755;AHUMADA,ARTURO;   ;SOLICITANDO PE INFORME SOBRE OBRAS EN EJECUCION A TRAVES DELFONDO DE INFRAESTRUCTURA PROVINCIAL (FIT);CD;R ;PJ;28/02/2001
;http://www.hcdmza.gov.ar/proy/viewer.php?nro=27776;27776;AHUMADA,ARTURO;ABRILE   ;MODIFICANDO ART. 2 LEY 5890, MODIFICADA POR LEY 5914(CREACION COMISION BICAMERAL DE EDUCACION);CD;L ;PJ;06/03/2001
;http://www.hcdmza.gov.ar/proy/viewer.php?nro=27787;27787;AHUMADA,ARTURO;   ;SOLICITANDO MIN.AMB.O.P. INFORME SOBRE LICITACION PRIVADAPARA LA CONSTRUCCION DE PABELLONES MODULARES EN LAPENITENCIARIA PROVINCIAL;CD;R ;PJ;06/03/2001
;http://www.hcdmza.gov.ar/proy/viewer.php?nro=27811;27811;AHUMADA,ARTURO;   ;SOLICITANDO EPRE GESTIONE ANTE EDEMSA EL REGULAR SUMINISTRODE ENERGIA ELECTRICA A LAS INDUSTRIAS UBICADAS EN RUTA 34,EN JOCOLI VIEJO, DEPTO. LAVALLE;CD;R ;PJ;12/03/2001
;http://www.hcdmza.gov.ar/proy/viewer.php?nro=27830;27830;AHUMADA,ARTURO;   ;EXPRESANDO AGRADECIMIENTO AL PE Y JEFE POLICIA DE CORDOBAPOR EL ESFUERZO REALIZADO EN LA BUSQUEDA Y POSTERIORHALLAZGO DEL CUERPO DE MARIO DAY;CD;R ;PJ;13/03/2001
;http://www.hcdmza.gov.ar/proy/viewer.php?nro=27834;27834;AHUMADA,ARTURO;   ;SOLICITANDO AL PE INFORME SOBRE EL RECLAMO HECHO POR EL GOB.DE LA PCIA. AL MINIST. DE ECONOMIA DE LA NACION EN CONCEPTODE LA DEUDA QUE MANTENIA LA EMPRESA AGUA Y ENERGIA POR ING.B;CD;R ;PJ;14/03/2001
;http://www.hcdmza.gov.ar/proy/viewer.php?nro=27902;27902;AHUMADA,ARTURO;   ;SOLICITANDO AL MINIST. DE DES. SOCIAL Y SALUD INFORME SOBBRE EL PROGRAMA PCIAL. DE PREVENCION, ASISTENCIA Y TRATAMIENTODE PERSONAS DIABETICAS;CD;R ;PJ;26/03/2001
;http://www.hcdmza.gov.ar/proy/viewer.php?nro=27927;27927;AHUMADA,ARTURO;   ;INVITANDO AL MINIST. DE GOBIERNO A FIN DE INFORMAR SOBRE OPERATIVO DE ENTREGA GRATUITA DEL DOCUM. NAC. DE IDENTIDAD YLOS INCIDENTES PRODUCIDOS EN LAS HERAS;CD;R ;PJ;29/03/2001
;http://www.hcdmza.gov.ar/proy/viewer.php?nro=27933;27933;AHUMADA,ARTURO;   ;QUE PE. INFORME SI LA AUTORIDAD DE APLICACION DE LA ELY 6045HA DADO CUMPLIMIENTO A LO ESTABLECIDO EN SU ART. 67,RESPECTO DE LA MUNICIPALIDAD LAS HERAS;CD;R ;PJ;03/04/2001
;http://www.hcdmza.gov.ar/proy/viewer.php?nro=27934;27934;AHUMADA,ARTURO;   ;QUE PE INFORME SOBRE EL CONTRATO SUSCRIPTO ENTRE EL PODEREJECUTIVO Y LA PRESTADORA DEL SERVICIO DE RESCATE AANDINISTA EN EL PAQUE ACONCAGUA;CD;R ;PJ;03/04/2001
;http://www.hcdmza.gov.ar/proy/viewer.php?nro=28021;28021;AHUMADA,ARTURO;   ;SOLICITANDO D.G.E. INFORME LOS MOTIVOS POR LOS CUALES ELCENTRO DE EDUCACION BASICA DE ADULTOS NRO. 3-083, NOFUNCIONARA EN EL ACTUAL CICLO LECTIVO;CD;R ;PJ;17/04/2001
;http://www.hcdmza.gov.ar/proy/viewer.php?nro=28020;28020;AHUMADA,ARTURO;   ;FELICITANDO A LA AUTORIDAD DEL CANAL 6 TELESUR, CON MOTIVODE CUMPLIR SU 37 ANIVERSARIO DE LABOR PERIODISTICA, CULTURALDEPORTIVA Y SOCIAL AL SERVICIO DE LA COMUNIDAD MENDOCINA;CD;R ;PJ;17/04/2001
;http://www.hcdmza.gov.ar/proy/viewer.php?nro=28056;28056;AHUMADA,ARTURO;   ;ESTABLECIENDO QUE TERRENOS PERTENECIENTES A COOPERATIVASY/O ENTIDADES SOCIALES, UBICADO SOBRE UNA LINEA IMAGINARIA,DEL DISTRITO EL CHALLAO, LE SEAN APLICADO ZONA RESIDENCIAL;CD;L ;PJ;24/04/2001
;http://www.hcdmza.gov.ar/proy/viewer.php?nro=28069;28069;AHUMADA,ARTURO;   ;INVITANDO MIN.HACIENDA A COMISION DE H.P. A FIN DE QUEINFORME SOBRE EL RITMO DE GASTO ESTABLECIDO EN PRESUPUESTO2001;CD;R ;PJ;24/04/2001
;http://www.hcdmza.gov.ar/proy/viewer.php?nro=28254;28254;AHUMADA,ARTURO;COCOLO MORON  ;DEROGANDO EL APARTADO 4 DEL ART. 63 DE LA LEY 6865 -LEYIMPOSITIVA 2001- (PERCEPCION DE TRIBUTO);CD;L ;PJ;24/05/2001
;http://www.hcdmza.gov.ar/proy/viewer.php?nro=28311;28311;AHUMADA,ARTURO;SERRALTA   ;SOLICITANDO AL ADMINISTRADOR DE LA DCCION. PCIAL. DE VIALIDAD INFORME SOBRE LA ADJUDICACION DE LA OBRA "DOBLE VIA ATUNUYAN";CD;D ;PJ;05/06/2001
;http://www.hcdmza.gov.ar/proy/viewer.php?nro=28373;28373;AHUMADA,ARTURO;   ;DESAFECTANDO DOMINIO PUBLICO FRACCION DE TERRENO, UBICADO ENEL DEPTO. LAS HERAS Y FACULTANDO A ESA MUNICIPALIDAD A DONARA LA UNION VECINAL 7 DE MAYO;CD;L ;PJ;14/06/2001
;http://www.hcdmza.gov.ar/proy/viewer.php?nro=28392;28392;AHUMADA,ARTURO;   ;SOLICITANDO MIN.ECON. INFORME SOBRE LEY 6906 -COMPRA DE VINOPOR PARTE DEL PE-;CD;R ;PJ;19/06/2001
;http://www.hcdmza.gov.ar/proy/viewer.php?nro=28425;28425;AHUMADA,ARTURO;SERRALTA PEREZ BOTTI  ;INVITANDO PTE. I.P.V. A COMISION L.P. Y A.U.V., A FIN DE QUEINFORME SOBRE SITUACION PATRIMONIAL Y FINANCIERA DEL I.P.V.;CD;R ;PJ;27/06/2001
;http://www.hcdmza.gov.ar/proy/viewer.php?nro=28466;28466;AHUMADA,ARTURO;   ;SOLICITANDO MIN.ECO. INFORME SOBRE EL ESTADO DE LOS EXPTES.1046-D-96 Y 2524-B-97 DE LA DIRECCION FISCALIZACION YCONTROL;CD;R ;PJ;03/07/2001
;http://www.hcdmza.gov.ar/proy/viewer.php?nro=28471;28471;AHUMADA,ARTURO;SERRALTA, DOMINGUEZ  ;AGREGANDO ULTIMO PARRAFO AL INC. A) DEL ART. 169 DEL CODIGOFISCAL;CD;L ;PJ;03/07/2001
;http://www.hcdmza.gov.ar/proy/viewer.php?nro=28490;28490;AHUMADA,ARTURO;SILVESTRE CORDOBA COCOLO ;MODIFICANDO EL ART. 1 DE LA LEY 6803 ASISTENCIA A PRODUCTORES AGROPECUARIOS, MODIFICADA POR LEY 6903;CD;L ;PJ;05/07/2001
;http://www.hcdmza.gov.ar/proy/viewer.php?nro=28599;28599;AHUMADA,ARTURO;   ;SOLICITANDO AL PE INFORME SOBRE LOS MOTIVOS POR LOS CUALESNO SE HA DADO CUMPLIMIENTO A LO ESTABLECIDO EN EL ART. 14 DELA LEY 6772 -PENSION SOCIAL MALVINAS ARGENTINAS;CD;R ;PJ;31/07/2001
;http://www.hcdmza.gov.ar/proy/viewer.php?nro=28652;28652;AHUMADA,ARTURO;   ;DECLARANDO DE INTERES DE LA H. CAMARA LA REALIZACION DEL8VO. CONGRESO NACIONAL DE PROFESORES Y ALUMNOS DE INGLES"THRILLING THE AUDIENCE" EN LA UNC;CD;R ;PJ;06/08/2001
;http://www.hcdmza.gov.ar/proy/viewer.php?nro=28664;28664;AHUMADA,ARTURO;   ;SOLICITANDO MIN.HAC. INFORME SOBRE EL LLAMADO A LICITACIONPARA LA FISCALIZACION VERIFICACION Y DETERMINACIONIMPOSITIVA SOBRE INGRESOS BRUTOS;CD;R ;PJ;07/08/2001
;http://www.hcdmza.gov.ar/proy/viewer.php?nro=28783;28783;AHUMADA,ARTURO;D ARIENZO   ;SOLICITANDO AL MINIST. DE HACIENDA LA REMISION DEL SOPORTEMAGNETICO DE LOS SUELDOS DE LA ADMINIST. CENTRAL Y DE LA LEGISLATURA PCIAL.;CD;R ;PJ;28/08/2001
;http://www.hcdmza.gov.ar/proy/viewer.php?nro=28786;28786;AHUMADA,ARTURO;SILVESTRE DOMINGUEZ  ;DEROGANDO EL INC. 2) DEL ART. 4 DE LA LEY 6865 (IMPOSITIVA2001-;CD;L ;PJ;28/08/2001
;http://www.hcdmza.gov.ar/proy/viewer.php?nro=28785;28785;AHUMADA,ARTURO;DOMINGUEZ   ;QUE EL PE EN CUMPLIMIENTO DE LA LEY 6658 PROCEDA A LLAMAR ALICITACION PUBLICA PARA LA SELECCION DEL FONDO FIDUCIARIOPARQUE DE SERVICIOS E INDUSTRIAS PALMIRA;CD;D ;PJ;29/08/2001
;http://www.hcdmza.gov.ar/proy/viewer.php?nro=28845;28845;AHUMADA,ARTURO;   ;REITERANDO INFORME AL MIN.ECO., APROBADO POR RES. 220 DEL20-06-01 -SOBRE COMPRA DE VINOS POR PARTE DEL PODEREJECUTIVO-;CD;R ;PJ;05/09/2001
;http://www.hcdmza.gov.ar/proy/viewer.php?nro=28844;28844;AHUMADA,ARTURO;COCOLO SERRALTA  ;FACULTANDO COM. E.E.M.I. EFECTUE SEGUIMIENTO SOBRE AUTORIZACIONES OTORGADAS AL PE OPERACIONES DE CREDITO, COMPRA YVENTA DE CALDOS VINICOS Y/O MOSTOS;CD;R ;PJ;05/09/2001
;http://www.hcdmza.gov.ar/proy/viewer.php?nro=28869;28869;AHUMADA,ARTURO;   ;ADHIRIENDO PROY. LEY DIP. NACIONALES LAMBERTO Y OTROS,SOLICITANDO LA DEROGACION ART. 3 LEY 25413;CD;R ;PJ;07/09/2001
;http://www.hcdmza.gov.ar/proy/viewer.php?nro=28912;28912;AHUMADA,ARTURO;   ;SOLICITANDO PE INFORME SOBRE EL DECRETO RATIFICATORIO DELCONVENIO FIRMADO CON EL FONDO FIDUCIARIO DE DESARROLLOPROVINCIAL;CD;R ;PJ;18/09/2001
;http://www.hcdmza.gov.ar/proy/viewer.php?nro=28927;28927;AHUMADA,ARTURO;MORON   ;SOLICITANDO PE INFORME SOBRE EL LISTADO DE LOS APORTES DELTESORO NACIONAL RECIBIDOS POR LA PROVINCIA DESDE EL 01-01-01HASTA LA FECHA;CD;R ;PJ;19/09/2001
;http://www.hcdmza.gov.ar/proy/viewer.php?nro=28994;28994;AHUMADA,ARTURO;   ;SOLICITANDO AL TRIBUNAL DE CUENTAS DE LA PROVINCIA SE EXPIDASOBRE LOS ANTECEDENTES QUE CONSTAN EN EL EXPTE. 3148-F-2001;CD;R ;PJ;27/09/2001
;http://www.hcdmza.gov.ar/proy/viewer.php?nro=29173;29173;AHUMADA,ARTURO;   ;DISPONIENDO LA PRIORIDAD EN LA ADJUDICACION DE VIVIENDAS AEX COMBATIENTES DE LA GUERRA DE MALVINAS;CD;L ;PJ;30/10/2001
;http://www.hcdmza.gov.ar/proy/viewer.php?nro=29187;29187;AHUMADA,ARTURO;   ;INVITANDO AL MINIST. DE HACIENDA A LA COMISION DE HP A FINDE INFORMAR SOBRE VARIOS PUNTOS REFERIDOS A LA LEY 6871;CD;R ;PJ;31/10/2001
;http://www.hcdmza.gov.ar/proy/viewer.php?nro=29172;29172;AHUMADA,ARTURO;SERRALTA DOMINGUEZ  ;SOLICITANDO SUBSEC. HACIENDA CONCURRA A COMISION DE H.P.A FIN DE INFORMAR SOBRE LA RENTA PETROLERA DEPOSITADA EN ELBANCO DE LA NACION POR LA SUMA DE U$S 13.372.825.-;CD;R ;PJ;31/10/2001
;http://www.hcdmza.gov.ar/proy/viewer.php?nro=29207;29207;AHUMADA,ARTURO;CORDOBA   ;ESTABLECIENDO QUE LAS EMPRESAS PRESTADORAS DE SERVICIOS PUBLICOS DEBERAN CONVENIR CON EL EPAS Y EL EPRE LA MODIF.TEMPORARIA DEL REGIMEN DE NOTIFIC. POR MORA A LOS USUARIOS;CD;L ;PJ;02/11/2001
;http://www.hcdmza.gov.ar/proy/viewer.php?nro=29221;29221;AHUMADA,ARTURO;SERRALTA CORDOBA  ;INVITANDO AL MINIST. DE ECONOMIA A LA COMISION A FIN DE INFORMAR SOBRE EL CUMPLIMIENTO DEL ART. 18 DE LA LEY 6803 QUE SUBSIDIA LA PRIMA DE SEGUROS CONTRA GRANIZO DE CONTRATISTAS;CD;R ;PJ;06/11/2001
;http://www.hcdmza.gov.ar/proy/viewer.php?nro=29228;29228;AHUMADA,ARTURO;ABRILLE   ;EL P.E. PROVEERA A LOS EMPLEADOS DE LA ADM.CENTRAL LOS ABONOS O SUSTITUTIVOS PARA CONCURRIR A SUS LUGARES DE TRABAJOY LOS ABONOS ESCOLARES DE SUS HIJOS;CD;L ;PJ;06/11/2001
;http://www.hcdmza.gov.ar/proy/viewer.php?nro=29233;29233;AHUMADA,ARTURO;   ;SOLICITANDO PE INLCUYA PARA SUS TRATAMIENTO EN EL PERIODOEXTRAORDINARIO EL EXPTE. 29228;CD;R ;PJ;07/11/2001
;http://www.hcdmza.gov.ar/proy/viewer.php?nro=29253;29253;AHUMADA,ARTURO;SERRALTA   ;SOLICITANDO A LOS LEGISLAD. NAC. POR MZA. SE OPONGAN A LA MODIFICACION DE LA SUSPENSION DEL JUICIO A PRUEBA "PROBATION"ESTABLECIDO EN EL ART. 76 BIS. DEL CODIGO PENAL;CD;R ;PJ;12/11/2001
;http://www.hcdmza.gov.ar/proy/viewer.php?nro=29270;29270;AHUMADA,ARTURO;   ;CREANDO UNA COMISION ESPECIAL A LOS FINES DE REVISAR LA SITUACION LEGIAL Y PATRIMONIAL DE LA EMPRESA PCIAL. NUCLEARMENDOZA S.A.;CD;R ;PJ;13/11/2001
;http://www.hcdmza.gov.ar/proy/viewer.php?nro=29299;29299;AHUMADA,ARTURO;ABRILE   ;DISPONIENDO QUE LAS COMISIONES DE CULT.Y ED. Y DE LAC INVITEA ENTIDADES RELACIONADAS CON LOS GEOGRAFOS A DEBATIR SOBRE ELPROYECTO DE LEY DEL COLEGIO DE GEOGRAFOS PROFESIONALES;CD;R ;PJ;15/11/2001
;http://www.hcdmza.gov.ar/proy/viewer.php?nro=29309;29309;AHUMADA,ARTURO;MORON SERRALTA  ;INVITANDO AL MINIST. DE HACIENDA A FIN DE INFORMAR SOBRE LAPRODUCCION HIDROCARBURIFERA;CD;R ;PJ;19/11/2001
;http://www.hcdmza.gov.ar/proy/viewer.php?nro=29441;29441;AHUMADA,ARTURO;   ;SOLICITANDO AL MINIST. DE GOBIERNO INFORME SOBRE LOS CONTRATOS DE LOCACION DE OBRAS Y SERVICIOS Y COMISIONES DE SERVICIOS;CD;R ;PJ;06/12/2001
;http://www.hcdmza.gov.ar/proy/viewer.php?nro=29442;29442;AHUMADA,ARTURO;   ;SOLICITANDO A LA DCCION.GRAL. DE LA GOB. INFORME SOBRE LOSCONTRATOS DE LOCACION DE OBRAS Y SERVICIOS Y COMISIONES DESERVICIOS;CD;R ;PJ;06/12/2001
;http://www.hcdmza.gov.ar/proy/viewer.php?nro=29455;29455;AHUMADA,ARTURO;   ;SOLICITANDO AL MINIST. DE HACIENDA INFORME SOBRE LOS TITULOSPRENDARIOS LUJAN WILLIAMS, SERIE 3,4 Y 6;CD;R ;PJ;10/12/2001
;http://www.hcdmza.gov.ar/proy/viewer.php?nro=29464;29464;AHUMADA,ARTURO;PELTIER ESCAYOLA SERRALTA LIBERAL;QUE LOS LEGISLADORES NACIONALES POR MZA. REALICEN GESTIONESPARA LOGRAR EL FINANCIAMIENTO SUFICIENTE Y NECESARIO PARARESTABLECER LAS PRESTACIONES DEL PAMI;CD;D ;PJ;11/12/2001
;http://www.hcdmza.gov.ar/proy/viewer.php?nro=29465;29465;AHUMADA,ARTURO;   ;SOLICITANDO AL MINIST. DE JUSTICIA Y SEGURIDAD QUE, CON MOTIVO DEL ANALISIS PRESUPESTARIO, INFORME SOBRE LOS CONTRATOS DE LOCACION  DE OBRAS Y SERVICIOS Y COMISIONES DE SERVICIOS;CD;R ;PJ;11/12/2001
;http://www.hcdmza.gov.ar/proy/viewer.php?nro=29476;29476;AHUMADA,ARTURO;CASTANOS NIETO E.  ;AUTORIZANDO A LA ADM, DE PARQUES Y ZOO A DONAR CON CARGO ALA FEDERACION MENDOCINA DE ASOCIACIONES DE BOMBEROS VOLUNTARIOS UNA FRACC. DE TERRENO EN ACC. AEROPARQUE S/N EL CHALLAO;CD;L ;PJ;12/12/2001
;http://www.hcdmza.gov.ar/proy/viewer.php?nro=29520;29520;AHUMADA,ARTURO;   ;QUE PE CONFORMARA UN COMITE DE CRISIS MULTISECTORIAL, CON ELOBJETO DE ATENDER LA ACTUAL EMERGENCIA SOCIAL LA QUEATRAVIEZA LA PROVINCIA;CD;D ;PJ;19/12/2001
;http://www.hcdmza.gov.ar/proy/viewer.php?nro=29596;29596;AHUMADA,ARTURO;   ;SOLICITANDO A LEGISLADORES NACIONALES GESTIONEN LA SOLUCIONDE CREDITOS HIPOTECARIOS;CD;R ;PJ;08/01/2002
;http://www.hcdmza.gov.ar/proy/viewer.php?nro=29682;29682;AHUMADA,ARTURO;   ;SOLICITANDO A LA DCCION. DE HIDRAULICA INFORME SOBRE CAUSASDE LOS DESBORDES DEL CAUCE ALUVIONAL TEJO, EN CHACRAS DE CORIA, SOBRE CALLES ORSINI Y MALVINAS ARGENTINAS;CD;R ;PJ;22/01/2002
;http://www.hcdmza.gov.ar/proy/viewer.php?nro=29715;29715;AHUMADA,ARTURO;SERRALTA   ;QUE EL MINIST. DE HACIENDA TENGA A BIEN DISPONER EL PAGO DELOS FONDOS COMPENSATORIOS POR GASTOS DE MOVILIDAD A LOS INSPECTORES DE LA DCCION. DE MINERIA E HIDROCARBUROS;CD;D ;PJ;28/01/2002
;http://www.hcdmza.gov.ar/proy/viewer.php?nro=29740;29740;AHUMADA,ARTURO;   ;REITERANDO LO SOLICITADO POR RES. 859/01, INVITANDO AL MIN.DE HACIENDA A CONCURRIR A LA COMISION DE HP A FIN DE INFORMAR SOBRE REGALIAS HIDROCARBURIFERAS;CD;R ;PJ;29/01/2002
;http://www.hcdmza.gov.ar/proy/viewer.php?nro=29726;29726;AHUMADA,ARTURO;   ;SOLICITANDO AL PE LA REMISION DE LOS PROYECTOS DE LEY DEAVALUO E IMPOSITIVA 2002;CD;R ;PJ;29/01/2002
;http://www.hcdmza.gov.ar/proy/viewer.php?nro=29727;29727;AHUMADA,ARTURO;CASTANOS   ;QUE LA SUPREMA CORTE DE JUSTICIA DISPUSIERA LA SUSPENSION POR 30 DIAS DE LOS PROCESOS INICIADOS POR DEMANDAS DE EJECUCIOHIPOTECARIA DE VIVIENDA UNICA, PRENDARIAS Y PERSONALES;CD;D ;PJ;29/01/2002
;http://www.hcdmza.gov.ar/proy/viewer.php?nro=29739;29739;AHUMADA,ARTURO;   ;SOLICITANDO AL PE INCLUYA EN EL PRESUPUESTO 2002 LAS PARTIDAS PRESUPUESTARIAS QUE GARANTICEN LOS FONDOS LIQUIDOS PARAEL DESARROLLO DEL PASIP;CD;R ;PJ;29/01/2002
;http://www.hcdmza.gov.ar/proy/viewer.php?nro=29746;29746;AHUMADA,ARTURO;   ;INVITANDO AL GERENTE ZONAL DE TELEFONICA A LA COMISION DEDGCPP A FIN DE INFORMAR SOBRE METODOLOGIA DE TRABAJO DE LA EEMPRESA;CD;R ;PJ;30/01/2002
;http://www.hcdmza.gov.ar/proy/viewer.php?nro=29816;29816;AHUMADA,ARTURO;BRUNI   ;SOLICITANDO PE DE CUMPLIMIENTO AL PAGO DE LA TOTALIDAD DELAS DEUDAS CON LOS MUNICIPIOS POR COPARTICIPACION NOCUMPLIMENTADA ALA FECHA DE LA SANCION DE LOS PETROM;CD;R ;PJ;12/02/2002
;http://www.hcdmza.gov.ar/proy/viewer.php?nro=29883;29883;AHUMADA,ARTURO;SERRALTA   ;INVITANDO MIN.HAC.; SUBSEC.HAC. Y SUBSEC.FIN. A COMISION DEH.P. A FIN DE INFORMAR SOBRE RECAUDACION DE IMPUESTOSPROVINCIALES DESDE 01-01-02 A LA FECHA;CD;R ;PJ;26/02/2002
;http://www.hcdmza.gov.ar/proy/viewer.php?nro=29907;29907;AHUMADA,ARTURO;SERRALTA   ;DISTINGUIENDO A EFECTIVOS DE LA POLICIA DE MZA. UNIDAD MOTORIZADA DE MAIPU POR EL CORRECTO ACCIONAR CON EL INTENDENTE DE TUPUNGATO;CD;R ;PJ;01/03/2002
;http://www.hcdmza.gov.ar/proy/viewer.php?nro=29908;29908;AHUMADA,ARTURO;   ;FACULTANDO A LA ADMINIST. DEL FONDO PARA LA TRANSFORMACION YCRECIM. A SUSCRIBIR CON ORGANISMOS E INSTITUCIONES FINANCIERCONTRATO DE FIDEICOMISO PRODUCTIVO PARA LA COSECHA Y ACARREO;CD;L ;PJ;01/03/2002
;http://www.hcdmza.gov.ar/proy/viewer.php?nro=29915;29915;AHUMADA,ARTURO;CORTIZO SERRALTA CORDOBA ;REFORMANDO LA COMPOSICION DEL PODER LEGISLATIVO PROVINCIAL;CD;L ;PJ;04/03/2002
;http://www.hcdmza.gov.ar/proy/viewer.php?nro=29932;29932;AHUMADA,ARTURO;CORTIZO   ;INCORPORANDO EL ART. 5 A LA LEY 6545 -RECURSOS PARTICIPABLESA MUNICIPIOS-;CD;L ;PJ;06/03/2002
;http://www.hcdmza.gov.ar/proy/viewer.php?nro=29951;29951;AHUMADA,ARTURO;   ;SOLICITANDO PE INFORME SOBRE LA MODIFICACION DEL PADRON DEREGANTES;CD;R ;PJ;12/03/2002
;http://www.hcdmza.gov.ar/proy/viewer.php?nro=29966;29966;AHUMADA,ARTURO;CORTIZO   ;INVITANDO O.P.I. AL PTE. TELEFONICA Y DELEGADO C.N.C., A FINDE QUE INFORMEN SOBRE ASPECOTS DEL SERVICIO TELEFONICO QUESE PRESTA A LA PROVINCIA DE MENDOZA;CD;R ;PJ;13/03/2002
;http://www.hcdmza.gov.ar/proy/viewer.php?nro=30058;30058;AHUMADA,ARTURO;SERRALTA   ;GIRANDO ARCHIVO LAS ACTUACIONES OBRANTE EN EXPTE. 27077 -PROYECTO DE LEY ETICA PERIODISTICA-;CD;R ;PJ;26/03/2002
;http://www.hcdmza.gov.ar/proy/viewer.php?nro=30099;30099;AHUMADA,ARTURO;ABRILE   ;CREANDO LA AUDITORIA GRAL DE LA PROVINCIA DE MZA., UNIDAD DECONTROL EXTERNO CONCOMITANTE DEL SECTOR PUBLICO PCIAL. Y DEPENDIENTE DE LA H LEGISLATURA PCIAL.;CD;L ;PJ;04/04/2002
;http://www.hcdmza.gov.ar/proy/viewer.php?nro=30100;30100;AHUMADA,ARTURO;   ;SOLICITANDO AL MINSITERIO DE HACIENDA INFORME SI LA PCIA. HAINCURRIDO EN MORA EN EL PAGO DE CAPITAL E INTERESES DE LOSVENCIMIENTOS DEL BONO DE CONSOLIDACION DE OBLIGAC. PCIALES.;CD;R ;PJ;04/04/2002
;http://www.hcdmza.gov.ar/proy/viewer.php?nro=30101;30101;AHUMADA,ARTURO;   ;SOLICITANDO A LEGISL.NAC. POR MZA. GESTIONEN LA LIBERACIONDE LOS DEPOSITOS DEL "CORRALITO" CUANDO SEAN UTILIZADOS ENCONSTRUCCIONES, AMPLIACIONES, PROY. DE INGENIERIA Y ARQUITEC;CD;R ;PJ;04/04/2002
;http://www.hcdmza.gov.ar/proy/viewer.php?nro=30105;30105;AHUMADA,ARTURO;SERRALTA CORTIZO DOMINGUEZ ;REGULANDO EL ORDENAMIENTO TERRITORIAL Y AMBIENTAL DENTRO DELA POLIGONAL DE EXPROPIACION SEGUN LEY 6498 Y EN EL ESPEJO DE AGUA DE POTRERILLOS EN SU USO RECREATIVO,TURIST. Y DEPORT. (PERILAGO);CD;L ;PJ;05/04/2002
;http://www.hcdmza.gov.ar/proy/viewer.php?nro=30170;30170;AHUMADA,ARTURO;   ;SOLICITANDO A LEGISLADORES NACIONALES POR MENDOZA GESTIONELA NO APLICACION DEL C.E.R.;CD;R ;PJ;16/04/2002
;http://www.hcdmza.gov.ar/proy/viewer.php?nro=30178;30178;AHUMADA,ARTURO;SERRALTA   ;CITANDO AL MINIST. DE HACIENDA A INFORMAR SOBRE LOS FONDOSPROVEN. DEL RUBRO RECURSOS ESPECIF. ASIGNADOS, CORRESP. A LACOPART. FED. Y REMITIDOS A MZA. DESDE 1-1-01 A 15-4-02;CD;R ;PJ;17/04/2002
;http://www.hcdmza.gov.ar/proy/viewer.php?nro=30193;30193;AHUMADA,ARTURO;CORTIZO CORDOBA  ;SOLICITANDO AL PE QUE INSTRUMENTE EL APGO DE LOS SUELDOS DELOS EMPLEADOS PUBLICOS EN TIEMPO, FORMA Y COMPLETO;CD;R ;PJ;19/04/2002
;http://www.hcdmza.gov.ar/proy/viewer.php?nro=30401;30401;AHUMADA,ARTURO;   ;INVITANDO MIN.ECO. A COMISION DE E.E.M.I. A FIN DE QUEBRINDE DETALLE SOBRE EL INFORME PRODUCIDO POR MIN.ECO. DE LARES. 561/02 -DEUDA BODEGA GIOL CON COOP. LA DORMIDA LTDA-;CD;R ;PJ;21/05/2002
;http://www.hcdmza.gov.ar/proy/viewer.php?nro=30443;30443;AHUMADA,ARTURO;MORON PUGA SERRALTA PARISI;FACULTANDO A LA COMISION DE AMBIENTE, URB, Y VIVIENDA A CONSTITUIRSE COMO COMISION INVESTIGADORA SOBRE LAS PRESUNTAS IRREGULARIDADES COMETIDAS POR EL I.P.V.;CD;R ;PJ;28/05/2002
;http://www.hcdmza.gov.ar/proy/viewer.php?nro=30470;30470;AHUMADA,ARTURO;   ;QUE LEG.NAC. REALICEN LAS ACCIONES PARA QUE SOLO PERSONAS DEEXISTENCIA VISIBLE Y CON RESIDENCIA PERMANENTE EN EL PAIS,PODRAN SER DUENOS DE MEDIOS DE COMUNICACION;CD;D ;PJ;29/05/2002
;http://www.hcdmza.gov.ar/proy/viewer.php?nro=30541;30541;AHUMADA,ARTURO;URIGUEN SERRALTA  ;CREANDO EL FIDEICOMISO REGIONAL DE INVERSIONES PRODUCTIVAS(FRIP) EN LOS TERMINOS Y CON LOS ALCANCES DE LA LEY 24.441PARA FINANCIAR PROYECTOS DE INVERS. PRIVAD.;CD;L ;PJ;06/06/2002
;http://www.hcdmza.gov.ar/proy/viewer.php?nro=30611;30611;AHUMADA,ARTURO;SERRALTA CIURCA  ;SOLICITANDO MIN.JUS.SEG. INFORME SOBRE LOS ORIGENES DE LOSACTOS DENOMINADOS "SAQUEOS" PRODUCIDOS EN EL DEPTO. LAVALLE;CD;R ;PJ;18/06/2002
;http://www.hcdmza.gov.ar/proy/viewer.php?nro=30648;30648;AHUMADA,ARTURO;SERRALTA   ;ESTABLECIENDO EN LA PROVINCIA EL REGIMEN DE SELECCION DECANDIDATOS A CARGOS PUBLICOS ELECTIVOS MEDIANTE ELECCIONESINTERNAS ABIERTAS;CD;L ;PJ;24/06/2002
;http://www.hcdmza.gov.ar/proy/viewer.php?nro=30678;30678;AHUMADA,ARTURO;SERRALTA   ;SOLICITANDO AL H. SENADO SE CONSTITUYA A FIN DE FORMAR COMISION BICAMERAL PARA DAR SOLUCIONES SOBRE LA INDUSTRIA DE LACONSTRUCCION;CD;R ;PJ;27/06/2002
;http://www.hcdmza.gov.ar/proy/viewer.php?nro=30696;30696;AHUMADA,ARTURO;SERRALTA CORDOBA  ;MODIFICANDO EL ART. 82 DE LA LEY ELECTORAL DE LA PCIA. INTRODUCIENDO AL SISTEMA ELECTORAL VIGENTE EL VOTO DE PREFERENCIA;CD;L ;PJ;01/07/2002
;http://www.hcdmza.gov.ar/proy/viewer.php?nro=30702;30702;AHUMADA,ARTURO;SERRALTA   ;INVITANDO AL MINIST. DE AMBIENTE Y OP, AL PRES. DEL IPV ALA COMISION DE OPI Y DE AUV DE AMBAS CAMARAS A FIN DE TRATAREL PETITORIO PRESENTADO POR LA CAMARA DE LA CONST. Y LA UOC;CD;R ;PJ;01/07/2002
;http://www.hcdmza.gov.ar/proy/viewer.php?nro=30769;30769;AHUMADA,ARTURO;SERRALTA   ;SOLICITANDO A LA SUBSEC. DE CULTURA INFORME SI LA SRA. ANAMARIA ALVAREZ, RATIFICA O RECTIFICA LAS EXPRESIONES VERTIDADEN EL DIARIO UNO EL 05-07-02;CD;R ;PJ;05/07/2002
;http://www.hcdmza.gov.ar/proy/viewer.php?nro=30787;30787;AHUMADA,ARTURO;GAUA   ;SOLICITANDO A LA BOLSA DE COMERCIO S.A. INFORME SOBRE VARIOSPUNTOS REFERIDOS A LA FIRMA EXPERTA BURSATIL S.A.;CD;R ;PJ;10/07/2002
;http://www.hcdmza.gov.ar/proy/viewer.php?nro=30789;30789;AHUMADA,ARTURO;GAUA   ;SOLICITANDO A LA DCCION. DE PERSONAS JURIDICAS INFORME SOBREVARIOS PUNTOS REFERIDOS A LA FIRMA EXPERTA BURSATIL S.A.;CD;R ;PJ;10/07/2002
;http://www.hcdmza.gov.ar/proy/viewer.php?nro=30788;30788;AHUMADA,ARTURO;GAUA   ;SOLICIANDO A LA COMISION NACIONAL DE VALORES INFORME SOBREVARIOS PUNTOS  REFERIDOS A LA FIRMA EXPERTA BURSATIL S.A.;CD;R ;PJ;10/07/2002
;http://www.hcdmza.gov.ar/proy/viewer.php?nro=30834;30834;AHUMADA,ARTURO;   ;SOLICITANDO AL PE Y A LEGISLADORES POR MZA. QUE ARBITREN MEDIDAS PARA PRESEVAR LAS FUENTES LABORALES;CD;R ;PJ;16/07/2002
;http://www.hcdmza.gov.ar/proy/viewer.php?nro=30996;30996;AHUMADA,ARTURO;   ;DECLARANDO INTERES H. CAMARA EL "I FESTIVAL DEL PIEDEMONTEEN LA COLONIA SUIZA", LLEVADO A CABO EN BLANCO ENCALADA;CD;R ;PJ;06/08/2002
;http://www.hcdmza.gov.ar/proy/viewer.php?nro=31039;31039;AHUMADA,ARTURO;   ;DECLARANDO INTERES H. CAMARA EL ACTO CULTURAL DEMONINADA"ENCENDIENDO VIGILIAS POR SUS SUENOS", A REALIZARSE EN ELDEPTO. LAS HERAS;CD;D ;PJ;12/08/2002
;http://www.hcdmza.gov.ar/proy/viewer.php?nro=31209;31209;AHUMADA,ARTURO;   ;SOLICITANDO D.G.IRRIGACION INFORME SOBRE LA LIQUIDACION DELOS CONTRATOS AL PERSONAL CONTRATADO PARA LAS INSPECCIONESTRAMO 5/6 DEL CANAL SAN MARTIN;CD;R ;PJ;03/09/2002
;http://www.hcdmza.gov.ar/proy/viewer.php?nro=31310;31310;AHUMADA,ARTURO;   ;SOLICITANDO AUTORIDADES DEL I.P.JUEGOS INFORME SOBRE LAPOSIBLE CONSTRUCCION Y/0 AMPLIACION DEL CASINO PROVINCIAL;CD;R ;PJ;17/09/2002
;http://www.hcdmza.gov.ar/proy/viewer.php?nro=31329;31329;AHUMADA,ARTURO;   ;ESTABLECIENDO QUE TODO RECURSO PARA EL FINANCIAMIENTO DEL SECTOR PUBLICO, DEBERA CONSIDERARSE AFECTADO A LA MASA COPARTICIPABLE A LOS MUNICIPIOS;CD;L ;PJ;18/09/2002
;http://www.hcdmza.gov.ar/proy/viewer.php?nro=31333;31333;AHUMADA,ARTURO;SERRALTA ABRILE  ;ESTABLECIENDO QUE TODO RECURSO PARA EL FINANACIAMIENTO DELSECTOR PUBLICO DEBERA CONSIDERARSE AFECTADO A LA MASA COPARTICIPABLE A LOS MUNICIPIOS;CD;L ;PJ;19/09/2002
;http://www.hcdmza.gov.ar/proy/viewer.php?nro=31362;31362;AHUMADA,ARTURO;CORDOBA   ;ESTABLECIENDO QUE LOS PRODUCTORES QUE EXPORTEN FRUTOS DE PEPITA Y CAROZO, TENDRAN DESC. DE HASTA 50% EN IMPUESTO TRIBUTARIO Y TASAS Y SERVICIOS PCIALES.;CD;L ;PJ;23/09/2002
;http://www.hcdmza.gov.ar/proy/viewer.php?nro=31363;31363;AHUMADA,ARTURO;   ;ESTABLECIENDO QUE TODOS LOS CARGOS DE LA ADMINIST. PUBLICAPCIAL., CORRESPONDIENTES A CARGOS JERARGICOS, SERAN CUBIERTOS POR PROFESIONALES CON ESTUDIOS TERCIARIOS IDONEOS;CD;L ;PJ;23/09/2002
;http://www.hcdmza.gov.ar/proy/viewer.php?nro=31360;31360;AHUMADA,ARTURO;   ;ENCOMENDANDO A LA DCCION. DE PERSONAL DE LA H. CAMARA A CREAR UN REGISTRO OBLIGATORIO EN EL QUE SE ESPECIFIQUE EL GRUPOSANGUINEO DE TODO EL PERSONAL;CD;R ;PJ;23/09/2002
;http://www.hcdmza.gov.ar/proy/viewer.php?nro=31361;31361;AHUMADA,ARTURO;   ;SOLICITANDO AL PE INFORME SOBRE EL ESTADO DE RECUPERACION DELAS INVERSIONES REALIZADAS POR LA PCIA. EN LA FINANCIERA LUJAN WILLIAMS, TENIENDO EN CUENTA LA RES. 923 DE LA H. CAMARA;CD;R ;PJ;23/09/2002
;http://www.hcdmza.gov.ar/proy/viewer.php?nro=31367;31367;AHUMADA,ARTURO;   ;SOLICITANDO AL PE INFORME SOBRE LA APLICACION DE LA LEY 6985Y LA PUBLICITADA OPERACION DE VENTA DE 140.000.000 LTS DE VINO PARA EXPORTACION Y CAUSAS DE SU NO CONCRECION;CD;R ;PJ;24/09/2002
;http://www.hcdmza.gov.ar/proy/viewer.php?nro=31377;31377;AHUMADA,ARTURO;   ;SOLICITANDO AUTORIDADES H.C.D. Y SENADORES QUE LA PUERTA DEACCESO A LA LEGISLATURA SOBRE PEATONAL SARMIENTO, PERMANEZCAABIERTA EN LOS HORARIOS DE GESTION DE AMBAS CAMARAS;CD;R ;PJ;24/09/2002
;http://www.hcdmza.gov.ar/proy/viewer.php?nro=31366;31366;AHUMADA,ARTURO;SERRALTA   ;ESTABLECIENDO QUE LA ADMINISTRAC. Y/O APLICACION DE LOS CODIGOS DE DESCUENTO AL PERSONAL DE LA ADMINIST. PUBLICA NO PODRA SER PRIVATIZADA O TERCERIZADA POR EL GOBIERNO PCIAL.;CD;L ;PJ;24/09/2002
;http://www.hcdmza.gov.ar/proy/viewer.php?nro=31488;31488;AHUMADA,ARTURO;   ;SOLICITANDO SUPREMA CORTE RECABE ANTECEDENTES RESPECTO DEJUECES QUE ESTARIAN ORDENANDO DESALOJOS Y REMATES DE DEUDORHIPOTECARIOS, ACTUALMENTE SUSPENDIDO POR LEGIS. VIGENTE;CD;R ;PJ;02/10/2002
;http://www.hcdmza.gov.ar/proy/viewer.php?nro=31568;31568;AHUMADA,ARTURO;CORDOBA   ;ESTABLECIENDO LA CANCELACION DE OBLIGACIONES DEL ESTADO PROVINCIAL POR EL PAGO DE SUMAS DE DINERO MEDIANTE LA ENTREGADE TITULOS VALOR ENDOSABLES (CERTIFIC. DE CREDITO FISCAL);CD;L ;PJ;11/10/2002
;http://www.hcdmza.gov.ar/proy/viewer.php?nro=31645;31645;AHUMADA,ARTURO;   ;SOLICITANDO A COMISION NAC.ENERGIA ATOMICA INFORME LAS RAZO-NES QUE MOTIVARON LA SUSPENSION DEL TRATAMIENTO DE LAS DENO-MINADAS "COLAS DE URANIO", DPTO. MALARGUE;CD;R ;PJ;22/10/2002
;http://www.hcdmza.gov.ar/proy/viewer.php?nro=31642;31642;AHUMADA,ARTURO;   ;QUE MIN.DES.SOC.SAL. CONCURRA A LA COMISION D.S. A FIN DEINFORMAR SOBRE LOS RESULTADOS DE LA LEY 6044 Y SU DECRETOREGLAMENTARIO;CD;R ;PJ;22/10/2002
;http://www.hcdmza.gov.ar/proy/viewer.php?nro=31671;31671;AHUMADA,ARTURO;   ;SOLICITANDO AL PE INTERTANTO EFECTIVICE LA RES. 1464/02, HAGA EFECTIVO EL PAGO DE LA PARTE CORRESPONDIENTE EN PETROM ATODA LA ADMINIST. PUBLICA ENTRE EL 30 Y EL 5 DE CADA MES;CD;R ;PJ;24/10/2002
;http://www.hcdmza.gov.ar/proy/viewer.php?nro=31812;31812;AHUMADA,ARTURO;SERRALTA PEREZ BOTTI  ;SOLICITANDO PE RESTITUYA A PARTIR DEL 01-01-2003 A TODOS LOSEMPLEADOS PUBLICOS LOS DESCUENTOS ESTABLECIDOS POR LOSDECRETOS 1448 Y 1765/01;CD;R ;PJ;05/11/2002
;http://www.hcdmza.gov.ar/proy/viewer.php?nro=31899;31899;AHUMADA,ARTURO;SERRALTA SORON MONTANO ;ESTABLECIENDO QUE EL PE DEBERA REUNIR TODA LA INFORMACIONACERCA DE LA LIQUIDACION DE REGALIAS PETROLIFERAS Y EL INICIO DE ACCIONES DE RECLAMO A LA NACION;CD;L ;PJ;15/11/2002
;http://www.hcdmza.gov.ar/proy/viewer.php?nro=31905;31905;AHUMADA,ARTURO;   ;QUE EL PE DECLARARA DE INTERES PCIAL. LA "PRIMERA JORNADAAMBIENTALISTA DEL DEPARTAMENTO LAS HERAS";CD;D ;PJ;18/11/2002
;http://www.hcdmza.gov.ar/proy/viewer.php?nro=31904;31904;AHUMADA,ARTURO;   ;DECLARANDO DE INTERES DE LA H. CAMARA LA "PRIMERA JORNADAAMBIENTALISTA DEL DPTO. LAS HERAS";CD;R ;PJ;18/11/2002
;http://www.hcdmza.gov.ar/proy/viewer.php?nro=32011;32011;AHUMADA,ARTURO;   ;CITANDO AL MINIST. DE ECONOMIA Y A LA SUBSECRET. DE TRABAJOA FIN DE QUE INFORMEN SOBRE EMPRESAS CEMENTERAS;CD;R ;PJ;02/12/2002
;http://www.hcdmza.gov.ar/proy/viewer.php?nro=32142;32142;AHUMADA,ARTURO;   ;SOLICITANDO AL PE INFORME SOBRE EL ESTADO DE LAS ACREENCIASQUE LA PROV. TIENE SOBRE LA FINANCIERA LUJAN WILLIAMS;CD;R ;PJ;13/12/2002
;http://www.hcdmza.gov.ar/proy/viewer.php?nro=32140;32140;AHUMADA,ARTURO;   ;ESTABLECIENDO QUE LAS DIFERENCIAS EN MAS DE PRECIO POR BARRIL WIT SERAN DESTINADAS MENSUALMENTE A UN FONDO FIDUCIARIO PARA CRECIMIENTO DE MICROEMPRENDIMIENTOS Y CAPACITACION;CD;L ;PJ;13/12/2002
;http://www.hcdmza.gov.ar/proy/viewer.php?nro=32143;32143;AHUMADA,ARTURO;   ;SOLICITANDO AL PE QUE INFORME SOBRE EL CRONOGRAMA DE INVERSIONES A DESARROLLAR EN EL PARQUE DE SERVICIOS E INDUSTRIASPALMIAR (PASIP);CD;R ;PJ;13/12/2002
;http://www.hcdmza.gov.ar/proy/viewer.php?nro=32144;32144;AHUMADA,ARTURO;   ;ESTABLECIENDO QUE EL PE DEBERA REMITIR MENSUALMENTE UN RESUMEN DE LAS DEUDAS CONSOLIDADAS Y NO CONSOL. DE LA ADMIN. CENTRAL Y ORGANISMOS DE LA ADM. DESCENTRALIZADA;CD;L ;PJ;13/12/2002
;http://www.hcdmza.gov.ar/proy/viewer.php?nro=32153;32153;AHUMADA,ARTURO;MORON   ;SOLICITANDO AL FISCAL DE ESTADO EL LISTADO DE TODAS LAS DEMANDAS QUE SE LE HAN INICIADO A LA PCIA. A TRAVES DE LA ADMINIST. CENTRAL Y/O ORGANISMOS DESCENTRALIZADOS;CD;R ;PJ;16/12/2002
;http://www.hcdmza.gov.ar/proy/viewer.php?nro=32154;32154;AHUMADA,ARTURO;MORON   ;SOLICITANDO AL PE QUE INFORME SOBRE LAS DEUDAS QUE AFECTANAL ERARIO PCIAL. INDICANDO MONTOS DE CAPITAL Y O INTERESESY O SERVICIOS ANUALES DE INTERESES;CD;R ;PJ;16/12/2002
;http://www.hcdmza.gov.ar/proy/viewer.php?nro=32343;32343;AHUMADA,ARTURO;   ;CREANDO EN EL MARCO DEL IPV EL REGISTRO DE VIVIENDA PARA VETERANOS DE GUERRA DE MALVINAS CON SECUELAS DE DISCAPACIDAD;CD;L ;PJ;14/01/2003
;http://www.hcdmza.gov.ar/proy/viewer.php?nro=32432;32432;AHUMADA,ARTURO;   ;SOLICITANDO AL SUBSEC. DE TURISMO CONCURRA A COMISION DE TURA FIN DE INFORMAR SOBRE LA VENDIMIA GAY;CD;R ;PJ;04/02/2003
;http://www.hcdmza.gov.ar/proy/viewer.php?nro=32635;32635;AHUMADA,ARTURO;   ;SOLICITANDO FISCAL ESTADO INFORME SOBRE EL RESULTADO DE LASINVESTIGACIONES QUE SURGIERON DEL EXPTE. 1178-H-01, RESPECTOA LA NO APLICACION DE LA LEY IMPOSITIVA NRO. 6865.;CD;R ;PJ;04/03/2003
;http://www.hcdmza.gov.ar/proy/viewer.php?nro=32636;32636;AHUMADA,ARTURO;   ;SOLICITANDO PE INFORME EL RESULTADO DE APLICACION DE LA LEY6865 -LEY IMPOSITIVA-;CD;R ;PJ;04/03/2003
;http://www.hcdmza.gov.ar/proy/viewer.php?nro=32648;32648;AHUMADA,ARTURO;   ;SOLICITANDO PE INFORME SOBRE ACUERDO REALIZADOS CON LASEMPRESAS QUE EXTRAEN PETROLEO EN EL TERRITORIO PROVINCIALPOR DEUDAS DEVENGADAS POR EL IMPUESTO DE SELLOS;CD;R ;PJ;05/03/2003
;http://www.hcdmza.gov.ar/proy/viewer.php?nro=32649;32649;AHUMADA,ARTURO;   ;SOLICITANDO PE INFORME SOBRE LA EVOLUCION DE LA DEUDAFLOTANTE DESDE SETIEMBRE 2002 A AL FECHA;CD;R ;PJ;06/03/2003
;http://www.hcdmza.gov.ar/proy/viewer.php?nro=32697;32697;AHUMADA,ARTURO;   ;SOLICITANDO PE PRORROGUE POR 15 DIAS EL VENCIMIENTO DEL PAGODEL IMPUESTO A LOS AUTOMOTORES;CD;R ;PJ;12/03/2003
;http://www.hcdmza.gov.ar/proy/viewer.php?nro=32751;32751;AHUMADA,ARTURO;   ;DECLARANDO INTERES H. CAMARA EL PROYECTO PRESENTADO POR LOSASTRONOMOS MENDOCINOS (GAMA) PARA LA CREACION DEL PARQUEASTRONOMICO;CD;D ;PJ;18/03/2003
;http://www.hcdmza.gov.ar/proy/viewer.php?nro=32841;32841;AHUMADA,ARTURO;   ;ADHIRIENDO AL TRATAMIENTO FAVORABLE DEL PROYECTO DE LEY OBRANTE EN EXPTE. 978-D-03 SOBRE CONSORCIOS PRODUCTIVOS PRESENTADO POR DIPUTADOS NACIONALES POR MENDOZA;CD;R ;PJ;28/03/2003
;http://www.hcdmza.gov.ar/proy/viewer.php?nro=32867;32867;AHUMADA,ARTURO;CIURCA   ;SOLICITANDO MIN.DES.SOC.SAL. INFORME SITUACION OPERATIVA YDEL PERSONAL DEL HOSPITAL USPALLATA;CD;R ;PJ;02/04/2003
;http://www.hcdmza.gov.ar/proy/viewer.php?nro=33039;33039;AHUMADA,ARTURO;CORDOBA   ;SOLICITANDO MIN.HAC. INFORME SOBRE LA EJECUCIONPRESUPUESTARIA DE LOS ANOS 2002 Y 2003;CD;R ;PJ;29/04/2003
;http://www.hcdmza.gov.ar/proy/viewer.php?nro=33050;33050;AHUMADA,ARTURO;   ;SOLICITANDO MIN.AMB.O.P. INFORME RESPECTO A LA ADJUDICACIONDE LOS CAMPAMENTOS DE EX-EMSE, DE AGUA DEL TORO, LOS REYUNOSY VALLE GRANDE;CD;R ;PJ;02/05/2003
;http://www.hcdmza.gov.ar/proy/viewer.php?nro=33049;33049;AHUMADA,ARTURO;   ;QUE EL I.P.V. EN LOS PROGRAMAS DE MEJORAMIENTO DE BARRIOS,PRIORIZARA LA OCUPACION DE MANO DE OBRA DEL LUGAR;CD;R ;PJ;02/05/2003
;http://www.hcdmza.gov.ar/proy/viewer.php?nro=33054;33054;AHUMADA,ARTURO;MORON   ;CITANDO SUB-DIRECTOR PROG. FINAN., CONT. TESORERIA GENERAL YJEFE UNIDAD EJECUTORA  A COMI. H.P. A FIN DE QUE INFORMENSOBRE EMBARGOS EN LAS CUENTAS PROVINCIALES;CD;R ;PJ;02/05/2003
;http://www.hcdmza.gov.ar/proy/viewer.php?nro=33051;33051;AHUMADA,ARTURO;   ;SOLICITANDO FISCAL ESTADO INFORME SOBRE ADJUDICACION DE LOSCAMPAMENTOS DE EX-EMSE, DE AGUA DEL TORO, LOS REYUNOS YVALLE GRANDE;CD;R ;PJ;02/05/2003
;http://www.hcdmza.gov.ar/proy/viewer.php?nro=33055;33055;AHUMADA,ARTURO;   ;SOLICITANDO PRONTO TRATAMIENTO DEL EXPTE. 32671;CD;R ;PJ;05/05/2003
;http://www.hcdmza.gov.ar/proy/viewer.php?nro=33176;33176;AHUMADA,ARTURO;CIURCA SERRALTA  ;CREANDO EL FONDO ESTABILIZADOR DE TARIFAS (FET);CD;L ;PJ;20/05/2003
;http://www.hcdmza.gov.ar/proy/viewer.php?nro=33205;33205;AHUMADA,ARTURO;HABJAN   ;INVITANDO AL MINIST. DE HACIENDA Y AL JEFE DEL DPTO. DE HIDROCARBUROS A COMISIONES DE LAB.PARLAM., ECONOMIA Y DE HP AFIN DE INFORMAR LOS RECURSOS PCIALES. COMO REGAL. PETROLIF.;CD;R ;PJ;22/05/2003
;http://www.hcdmza.gov.ar/proy/viewer.php?nro=33226;33226;AHUMADA,ARTURO;URIGUEN   ;FACULTANDO AL PE A DISPONER ADECUACIONES TARIFARIAS DE LOSSERVICIOS PUBLICOS CONCESIONADOS POR LEY 6976;CD;L ;PJ;27/05/2003
;http://www.hcdmza.gov.ar/proy/viewer.php?nro=33273;33273;AHUMADA,ARTURO;   ;DECLARANDO DE INTERES DE LA H. CAMARA LA VISITA DEL CONSULGRAL. DEL BRASIL, PAULO ALBERTO DA SILVEIRA SOARES;CD;R ;PJ;30/05/2003
;http://www.hcdmza.gov.ar/proy/viewer.php?nro=33304;33304;AHUMADA,ARTURO;URIGUEN   ;FACULTANDO PE ELABORE UN ACTA ACUERDO PARA LA CREACION DE LAFACULTAD DE CIENCIAS VETERINARIAS POR PARTE DE LA U.N.C.;CD;L ;PJ;03/06/2003
;http://www.hcdmza.gov.ar/proy/viewer.php?nro=33303;33303;AHUMADA,ARTURO;   ;ESTABLECIENDO EL REGIMEN DE LA PROFILAXIS DE LA ENCEFALITISRABICA;CD;L ;PJ;03/06/2003
;http://www.hcdmza.gov.ar/proy/viewer.php?nro=33374;33374;AHUMADA,ARTURO;   ;QUE EL PE INCLUYERA LA CONSTRUCCION DE UN CENTRO DE SALUD YDE NUEVO EDIFICIO PARA LA ESCUELA 1-093 "CERVANTES" DE JOCOLI VIEJO, LAVALLE;CD;D ;PJ;11/06/2003
;http://www.hcdmza.gov.ar/proy/viewer.php?nro=33418;33418;AHUMADA,ARTURO;SERRALTA   ;ENCOMENDANDO COM. L.P. COLABORAR EN LA CONCILIACION DE LOSINTERESES DE LOS MAGISTRADOS DEL P.JUDICIAL Y EL PODEREJECUTIVO, PARA SOLUCIONAR LA PROBLEMATICA;CD;R ;PJ;18/06/2003
;http://www.hcdmza.gov.ar/proy/viewer.php?nro=33422;33422;AHUMADA,ARTURO;SUAREZ PARISI  ;DECLARANDO EN SITUACION DE EMERGENCIA CLIMATICA AL DEPTO.SAN CARLOS;CD;L ;PJ;18/06/2003
;http://www.hcdmza.gov.ar/proy/viewer.php?nro=33461;33461;AHUMADA,ARTURO;   ;SOLICITANDO MIN.JUS.SEG. REMITA ESTADISTICA POLICIALES,DELITOS CONTRA LAS PERSONAS, DELITOS CONTRA LA PROPIEDADOCURRIDOS ENTRE EL 01-01-03 AL 31-05-03;CD;R ;PJ;24/06/2003
;http://www.hcdmza.gov.ar/proy/viewer.php?nro=33518;33518;AHUMADA,ARTURO;   ;DECLARANDO DE INTERES DE LA H. CAMARA LAS MUESTRAS DE ARTESPLASTICAS "PECADOS CAPITALES" Y "EL ZODIACO DE AMERICA A LAINDIA";CD;R ;PJ;30/06/2003
;http://www.hcdmza.gov.ar/proy/viewer.php?nro=33517;33517;AHUMADA,ARTURO;   ;QUE EL PE DECLARARA DE INTERES PCIAL. LAS MUESTRAS DE ARTESPLASTICAS "PECADOS CAPITALES" Y "EL ZODIACO DE AMERICA A LAINDIA";CD;D ;PJ;30/06/2003
;http://www.hcdmza.gov.ar/proy/viewer.php?nro=33652;33652;AHUMADA,ARTURO;GARRO   ;DECLARANDO EXIMIDO DEL PAGO DE EFECTIVO DE TODOS LOSIMPUESTOS PROVINCIALES Y DE SERVICIOS PUBLICOS, A LOSCLUBES O ENTIDADES SOCIALES Y DEPORTIVAS SIN FINES DE LUCRO;CD;L ;PJ;21/07/2003
;http://www.hcdmza.gov.ar/proy/viewer.php?nro=33714;33714;AHUMADA,ARTURO;   ;SOLICITANDO PE REMITA COPIA DE LOS EXPTES DE TODOS LOSDEUDORES DE IMPUESTOS PROVINCIALES QUE HAYAN CANCELADO SUSOBLIGACIONES CON BONOS ACONCAGUA, RES. 30/03;CD;R ;PJ;30/07/2003
;http://www.hcdmza.gov.ar/proy/viewer.php?nro=33743;33743;AHUMADA,ARTURO;   ;QUE EL PE APOYARA CONFORME A LAS PAUTAS PRESUPUESTARIAS DEL 2003 A LA COOP. DE NUTRICION INFANTIL "FUNDACION CONIN";CD;D ;PJ;05/08/2003
;http://www.hcdmza.gov.ar/proy/viewer.php?nro=33814;33814;AHUMADA,ARTURO;   ;INVITANDO AL ADMINISTRADOR DE PARQUES Y ZOOLOGICOS A LA COMISION D.G.C.P.P. A FIN DE QUE INFORME SOBRE LA HABILITACION OTORGADA A UN "PUB" EN LAS INSTALACIONES DEL CLUB INDEPENDIENTE RIVADAVIA

;CD;R ;PJ;18/08/2003
;http://www.hcdmza.gov.ar/proy/viewer.php?nro=33819;33819;AHUMADA,ARTURO;   ;INVITANDO SECRETARIO DE GOBIERNO DE LA MUNICIPALIDAD DE CAPITAL A LA COMISION DE D.G.C.P.P. A FIN DE QUE INFORME SOBRE LA HABILITACION OTORGADA A UN "PUB" EN LAS INSTALACIONES DEL CLUB INDEPENDIENTE RIVADAVIA;CD;R ;PJ;19/08/2003
;http://www.hcdmza.gov.ar/proy/viewer.php?nro=33818;33818;AHUMADA,ARTURO;   ;SOLICITANDO AL PE QUE ATRAVES DE LA DCCION. GRAL DE ESCUELAS INFORME SOBRE LOS MOTIVOS DE LA NO HABILITACION DE CURSOS DE PRE GRADOS EN LA ESCUELA ITALIANA;CD;R ;PJ;19/08/2003
;http://www.hcdmza.gov.ar/proy/viewer.php?nro=33877;33877;AHUMADA,ARTURO;   ;INVITANDO AL MINSITRO DE JUSTICIA Y SEGURIDAD, A LOS CENTROS TRADICIONALISTAS, AL SINDICATO DE LA CARNE Y A LAS ENTIDADES DE LOS SECTORE DE LA PRODUCC. AGRICOLA Y GANDERA A LA COMISION DE LAC A FIN DE ANALIZAR LA INSEGURIDAD DE LA ZONA RURAL;CD;R ;PJ;26/08/2003
;http://www.hcdmza.gov.ar/proy/viewer.php?nro=33889;33889;AHUMADA,ARTURO;CIURCA   ;ESTABLECIENDO UNA LEY MARCO DE USO DEL SUELO Y SUBDIVISION DE LA TIERRA;CD;L ;PJ;27/08/2003
;http://www.hcdmza.gov.ar/proy/viewer.php?nro=33922;33922;AHUMADA,ARTURO;   ;INVITANDO AL MINISTRO DE ECONOMIA A FIN DE TRATAR EL PROYECTO DE LEY CREANDO AL FACULTAD DE VETERINARIA EN SAN RAFAEL;CD;R ;PJ;29/08/2003
;http://www.hcdmza.gov.ar/proy/viewer.php?nro=33959;33959;AHUMADA,ARTURO;   ;SOLICITANDO PE INFORME SOBRE PUNTOS RELACIONADOS CON EL DESCONGELAMIENTO DE LA ANTIGUEDAD DE LOS EMPLEADOS PUBLICOS Y EL POSTERIOR PAGO DE LA DEUDA ORIGINADA A PARTIR DEL Aï¿½O 1997 A LA FECHA;CD;R ;PJ;03/09/2003
;http://www.hcdmza.gov.ar/proy/viewer.php?nro=33972;33972;AHUMADA,ARTURO;   ;MODIFICANDO LAS LEYES 3799, 5908 Y 4416 -REGISTRO DE ANTECEDENTES Y APTITUD DE CONSTRUCTORES DE OBRAS PUBLICAS- (RACOP);CD;L ;PJ;04/09/2003
;http://www.hcdmza.gov.ar/proy/viewer.php?nro=34014;34014;AHUMADA,ARTURO;GIARRIZZO   ;SOLICITANDO PEN INFORME SOBRE LA LICITACION DEL SEGUNDO TRAMO DE LA AVENIDA DE ACCESO ESTE A LA CIUDAD DE MENDOZA;CD;R ;PJ;09/09/2003
;http://www.hcdmza.gov.ar/proy/viewer.php?nro=34025;34025;AHUMADA,ARTURO;GARRO   ;INVITANDO AL DIRECTOR DE RECURSOS NATURALES DE LA PCIA. A UNA REUNION DE LA COMISION DE AMBIENTE, URBANISMO Y VIVIENDA A FIN DE QUE INFORME SOBRE LA PODA DEL ARBOLADO FUERA DE TERMINOS;CD;R ;PJ;10/09/2003
;http://www.hcdmza.gov.ar/proy/viewer.php?nro=34116;34116;AHUMADA,ARTURO;   ;INVITANDO AL MINIST. DE ECONOMIA A LA COMISION DE DERECHOS Y GARANTIAS A FIN DE INFORMAR SOBRE LA ACTUACION DE LOS REPRESENTANTES DEL GOBIERNO PCIAL. LA LA RENOVACION DE AUTORIDADES EN LA FUNDACION INSTITUTO TECNOLOGICO UNIVERSITARIO;CD;R ;PJ;19/09/2003
;http://www.hcdmza.gov.ar/proy/viewer.php?nro=34176;34176;AHUMADA,ARTURO;   ;INVITANDO AL DIRECTOR DE HIDRAULICA DEL MINIST. DE AMBIENTE Y OP A FIN DE QUE INFORME SOBRE EL PERSONAL DE LA REPARTICION, EL EQUIPAMIENTO Y PROGRAMAS DE DESARROLLO;CD;R ;PJ;26/09/2003
;http://www.hcdmza.gov.ar/proy/viewer.php?nro=34194;34194;AHUMADA,ARTURO;DOMINGUEZ   ;CITANDO AL PRESIDENTE DEL INST. PCIAL. DE JUEGOS Y CASINOS PARA QUE INFORME SOBRE LA APLICACION DEL ART. 5 Y 6 DE LA LEY 7139 Y LOS RESPECTIVOS PLIEGOS DE LICITACION;CD;R ;PJ;29/09/2003
;http://www.hcdmza.gov.ar/proy/viewer.php?nro=34296;34296;AHUMADA,ARTURO;PARISI CIURCA  ;INVITANDO AL ADM.PARQUES Y ZOOLOGICOS A REUNION COMISION D.G.C.P.P. A FIN DE QUE INFORME SOBRE
SITUACION DEL PERSONAL EN CUANTO A REGIMEN LABORAL, DESPIDOS DE CONTRATOS, PREVISION DE HERRAMIENTAS Y ROPA DE TRABAJO;CD;R ;PJ;14/10/2003
;http://www.hcdmza.gov.ar/proy/viewer.php?nro=34354;34354;AHUMADA,ARTURO;   ;SOLICITANDO MIN.DES.SOC.SAL. INFORME SOBRE EL LLAMADO A LICITACION PARA LA ADQUISICION DE UN EQUIPO DE ESTERILIZACION POR PLASMA DE PEROXIDO DE HIDROGENO ENTRE OTROS TEMAS;CD;R ;PJ;21/10/2003
;http://www.hcdmza.gov.ar/proy/viewer.php?nro=34464;34464;AHUMADA,ARTURO;   ;ADHIRIENDO A LAS ACCIONES DIPLOMATICAS QUE RECLAMA LA SEï¿½ORA GABRIELA ARIAS URIBURU, EN POS DELA RESTITUCION DEL VINCULO NORMAL CON SUS TRES HIJOS QUE SE ENCUENTRAN EN EL REINO DE JORDANIA.;CD;R ;PJ;05/11/2003
;http://www.hcdmza.gov.ar/proy/viewer.php?nro=34490;34490;AHUMADA,ARTURO;SERRALTA   ;INVITANDO A LOS MIEMBROS ACCIONISTAS DEL CAPITAL ACCIONARIO A TRAVES DE LA INVERSORA MENDOCINA PARTICIPANTE EN OBRAS SANITARIAS DE LA PCIA. A UNA REUNION DE LA COMISION DE OPI A FIN DE INFORMAR SOBRE LA VENTA Y/O MODIFICACION DE CAPITAL ACCIONARIO EN LA CITADA EMPRESA;CD;R ;PJ;10/11/2003
