;http://www.hcdmza.gov.ar/proy/viewer.php?nro=42282;42282;ARENAS,DIEGO;SANCHEZ   ;SOLICITANDO AL PE QUE INFORME SOBRE EL MANTENIMIENTO DE LA RUTA INTERNACIONAL NRO. 7 EN EL TRAMO PUNTA DE VACAS-LAS CUEVAS-TUNEL INTERNACIONAL;CD;R ;PD;24/05/2006
;http://www.hcdmza.gov.ar/proy/viewer.php?nro=42298;42298;ARENAS,DIEGO;PRADINES CANAL LIGONIE DALLA CIA;SOLICITANDO AL PE LA REMOCION DE LA DIRECTORA GRAL. DE ESCUELAS POR LA FALTA DE GAS EN ESCUELAS;CD;R ;PD;24/05/2006
;http://www.hcdmza.gov.ar/proy/viewer.php?nro=42318;42318;ARENAS,DIEGO;   ;QUE EL PE GESTIONARA LA CONSTRUCCION DE DESTACAMENTO POLICIAL DE AVANZADA EN INTERSECC. DE RUTA NACIONAL NRO. 7 Y VARIANTE DE ACCESO A LA DESTILERIA DE LUJAN DE CUYO;CD;D ;PD;26/05/2006
;http://www.hcdmza.gov.ar/proy/viewer.php?nro=42339;42339;ARENAS,DIEGO;   ;ESTABLECIENDO QUE LOS BANCOS Y ENTIDADES FINANCIERAS DEBERAN EXHIBIR EN CADA UNO DE SUS CAJEROS AUTOMATICOS EL DETALLE DEL COSTO QUE LE GENERARA AL USUARIO, CLIENTE Y NO CLIENTE DEL BANCO, EL USO DE LA RED DE CAJEROS AUTOMATICOS;CD;L ;PD;29/05/2006
;http://www.hcdmza.gov.ar/proy/viewer.php?nro=42349;42349;ARENAS,DIEGO;   ;SOLICITANDO A OSEP INFORME SOBRE DISTINTOS PUNTOS REFERIDOS A LOS ULTIMOS DIEZ (10) EJERCICIOS INCLUYENDO EL EJECUTADO 2006 AL 31 DE MAYO DEL CORRIENTE.;CD;R ;PD;30/05/2006
;http://www.hcdmza.gov.ar/proy/viewer.php?nro=42511;42511;ARENAS,DIEGO;   ;SOLICITANDO MIN.ECO. INFORME SOBR LA SUMA DE DINERO GASTADA (INVERSION AUTORIZADA POR LEY 7501) EN LA LLAMADA OPERATORIA DE COMPRA DE UVA 2006 DESTINADA A LA ELABORACION DE MOSTO.;CD;R ;PD;12/06/2006
;http://www.hcdmza.gov.ar/proy/viewer.php?nro=42712;42712;ARENAS,DIEGO;DALLA CIA   ;ESTABLECIENDO QUE EL PE CONVOCARA A ELECCIONES DE GOB. Y VICE, DIPUTADOS Y SENADORES EN FECHA DISTINTA A LAS QUE FIJE EL PEN PARA CARGOS NACIONALES;CD;L ;PD;30/06/2006
;http://www.hcdmza.gov.ar/proy/viewer.php?nro=42798;42798;ARENAS,DIEGO;   ;QUE EL PE FIJARA EL DIA 24 DE JULIO DE 2006 COMO "NUEVA JORNADA DE DISCUSION DE LA LEY NACIONAL DE EDUCACION, EN LAS ESCUELAS DE LA PCIA.;CD;D ;PD;07/07/2006
;http://www.hcdmza.gov.ar/proy/viewer.php?nro=42858;42858;ARENAS,DIEGO;   ;QUE PEN EXCLUYERA A LA PROVINCIA DE MENDOZA DE LA REGLAMENTACION QUE DISPONE EL AUMENTO DEL PRECIO DEL COMBUSTIBLE A LOS VEHICULOS DE PATENTE EXTRANJERA.;CD;R ;PD;12/07/2006
;http://www.hcdmza.gov.ar/proy/viewer.php?nro=43249;43249;ARENAS,DIEGO;   ;SOLICITANDO PE, REMITA EL PROYECTO DE CONVENIO A SUSCRIBIR CON LA NACION CON MOTIVO DE LA VISITA DEL SE�OR PTE. DE LA NACION A LA CIUDAD DE SAN RAFAEL, POR EL CUAL LA PROVINCIA DE MENDOZA DESISTIRA DE SU RECLAMO POR LOS DA�OS OCASIONADOS POR LA PROMOCION INDUSTRIAL DADAS A LAS PROVINCIAS VECINAS.;CD;R ;PD;25/08/2006
;http://www.hcdmza.gov.ar/proy/viewer.php?nro=43363;43363;ARENAS,DIEGO;CASTELLER   ;QUE VICEGOBERNADOR DE LA PROVINCIA, DISPUSIERA EL IZAMIENTO EN FORMA DIARIA DEL PABELLON NACIONAL EN EL MASTIL DE LA H. LEGISLATURA, UBICADO EN CALLES PATRICIAS MENDOCINAS Y PASEO SARMIENTO.;CD;D ;PD;05/09/2006
;http://www.hcdmza.gov.ar/proy/viewer.php?nro=43503;43503;ARENAS,DIEGO;   ;INVITANDO AL MINIST. DE SALUD A LA COMISION CORRESPONDIENTE A FIN DE INFORMAR SOBRE PROCESOS DE ESTERILIZACION Y CONTROL DE LOS MISMOS;CD;R ;PD;19/09/2006
;http://www.hcdmza.gov.ar/proy/viewer.php?nro=43578;43578;ARENAS,DIEGO;   ;CREANDO LA ESCUELA POLIMODAL TECNICA AMPLIACION DE LA ESCUELA 1-622 "PADRE PEDRO ARCE" DEL BARRIO LA GLORIA, GODOY CRUZ;CD;L ;PD;25/09/2006
;http://www.hcdmza.gov.ar/proy/viewer.php?nro=43576;43576;ARENAS,DIEGO;PRADINES   ;OTORGANDO UNA CONTRIBUCION ANUAL DE CARACTER PERMANENTE DE (60.000 A LA JUNTA DE ESTUDIOS HISTORICOS;CD;L ;PD;26/09/2006
;http://www.hcdmza.gov.ar/proy/viewer.php?nro=43623;43623;ARENAS,DIEGO;   ;SOLICITANDO AL PE INFORME SOBRE VARIOS PUNTOS RELACIONADOS CON LA EMPRESA PCIAL. DE TRANSPORTE;CD;R ;PD;29/09/2006
;http://www.hcdmza.gov.ar/proy/viewer.php?nro=43624;43624;ARENAS,DIEGO;   ;ENCOMENDANDO A LA COMISION DE DGCPP QUE CONJUNTAMENTE CON LA MUNICIP. DE LUJAN DE CUYO, ECOGAS Y LA UNION VECINAL KM 11 DEW LUJAN DE CUYO LOGREN UNA SOLUCION A LA APLICACION DE LOS TERMINOS DE LA ORDENANZA MUN. 2624/02 DE LA MUN. DE LUJAN Y RES. 929/02 DE LA H.C.DIPUTADOS;CD;R ;PD;29/09/2006
;http://www.hcdmza.gov.ar/proy/viewer.php?nro=43625;43625;ARENAS,DIEGO;   ;QUE EL H .C.D. LUJAN DE CUYO HICIERA CUMPLIR LO PREVISTO POR LA ORDENANZA MUNICIPAL 2624/02;CD;D ;PD;29/09/2006
;http://www.hcdmza.gov.ar/proy/viewer.php?nro=43674;43674;ARENAS,DIEGO;CASTELLER   ;SOLICITANDO A LA DPV QUE INFORME SOBRE EL PERSONAL DESIGNADO ENTRE ENERO DE 2005 Y OCTUBRE DE 2006 Y EL PLAN DE OBRAS PROYECTADO Y EJECUTADO DURANTE EL 2005 Y HASTA OCTUBRE DE 2006;CD;R ;PD;04/10/2006
;http://www.hcdmza.gov.ar/proy/viewer.php?nro=43737;43737;ARENAS,DIEGO;   ;QUE PE INCLUYERA EN EL PLAN DE OBRAS PUBLICAS, LA COLOCACION DE GUARDARAIL UBICADOS EN LOS LATERALES Y EN EL CENTRO DE AMBAS VIAS DEL DENOMINADO CORREDOR DEL OESTE.;CD;D ;PD;10/10/2006
;http://www.hcdmza.gov.ar/proy/viewer.php?nro=43739;43739;ARENAS,DIEGO;   ;SOLICITANDO PE INFORME SOBRE ASPECTOS VINCULADOS A LA ATENCION DE LA GUARDIA TRAUMATOLOGICA DEL HOSPITAL CENTRAL.;CD;R ;PD;10/10/2006
;http://www.hcdmza.gov.ar/proy/viewer.php?nro=43779;43779;ARENAS,DIEGO;   ;SOLICITANDO AL PE QUE INFORME SOBRE EL USO DEL HELICOPTERO POLICIAL QUE TRASLADO AL GOBERNADOR A LOS FESTEJOS DEL 70 ANIVERSARIO DEL ARCO DE DESAGUADEROS EN LA PAZ;CD;R ;PD;13/10/2006
;http://www.hcdmza.gov.ar/proy/viewer.php?nro=43814;43814;ARENAS,DIEGO;   ;INCLUYENDO EN EL PRESUPUESTO DEL MINIST. DE SALUD 2007, LA COMPRA DE UN EQUIPO DE HEMODINAMIA CON SISTEMA DE RAYOS X PARA EL HOSPITAL HUMBERTO NOTTI;CD;L ;PD;18/10/2006
;http://www.hcdmza.gov.ar/proy/viewer.php?nro=43813;43813;ARENAS,DIEGO;   ;SOLICITANDO AL PE INFORME SOBRE ESTADO PROCESAL DE LA DENUNICIA REALIZADA POR CLAUDIA ALEJANDRA VALENZUELA ANTE LA JUNTA DE DISCIPLINA DE LA DCCION. GRAL. DE ESCUELAS POR SITUACION EN LA ESCUELA "ELPIDIO GONZALEZ" EN LAVALLE;CD;R ;PD;18/10/2006
;http://www.hcdmza.gov.ar/proy/viewer.php?nro=43885;43885;ARENAS,DIEGO;   ;SOLICITANDO D.G.C.P.P. EN CONJUNTO CON TELEFONICA DE ARGENTINA, LOGREN UNA SOLUCION FAVORABLE A LA SOLICITUD PLANTEADA POR LOS VECINOS, ANTE LOS CONSTANTES Y REITERADOS ROBOS DE CABLES TELEFONICOS.;CD;R ;PD;23/10/2006
;http://www.hcdmza.gov.ar/proy/viewer.php?nro=43886;43886;ARENAS,DIEGO;   ;QUE TELEFONICA DE ARGENTINA CONTEMPLEN LA POSIBILIDAD DE LA INSTALACION DEL CABLEADO DE ESE SERVICIO EN FORMA SUBTERRANEA, A FIN DE EVITAR LOS CONSTANTES ROBOS DE CABLES QUE SUFREN LOS USUARIOS DE ESA EMPRESA EN EL TRAMO AV. SAN MARTIN ENTRE BESARES Y ALMIRANTE BROWN , DISTRITO KM. 11, LUJAN DE CUYO.;CD;D ;PD;23/10/2006
;http://www.hcdmza.gov.ar/proy/viewer.php?nro=43910;43910;ARENAS,DIEGO;DALLA CIA CASTELLER  ;SOLICITANDO AL TRIBUNAL DE CUENTAS INFORME SOBRE AUDITORIAS REALIZADAS AL PROGRAMA VALE MAS;CD;R ;PD;25/10/2006
;http://www.hcdmza.gov.ar/proy/viewer.php?nro=43911;43911;ARENAS,DIEGO;DALLA CIA CASTELLER  ;SOLICITANDO AL PE INFORME SOBRE VARIOS PUNTOS REFERIDOS A LOS BENEFICIARIOS DE LOS TICKETS VALE MAS;CD;R ;PD;25/10/2006
;http://www.hcdmza.gov.ar/proy/viewer.php?nro=44015;44015;ARENAS,DIEGO;   ;INCORPORANDO PLAN DE OP 2007, PAVIMENTO CALLE G. RAWSON ENTRE LATERAL ESTE DEL ACC.SUR Y JUAN A.MAZA EN MAIPU Y LA IMPERMEABILIZACION Y CANALIZACION DEL ZANJON CALLE RAWSON DE GODOY CRUZ Y MAIPU;CD;L ;PD;30/10/2006
;http://www.hcdmza.gov.ar/proy/viewer.php?nro=44016;44016;ARENAS,DIEGO;   ;INCORPORANDO PLAN DE OP 2007 CONSTRUCCION DE 10.000 VIVIENDAS PARA EL PROGRAMA INQUILINOS II ETAPA;CD;L ;PD;30/10/2006
;http://www.hcdmza.gov.ar/proy/viewer.php?nro=44020;44020;ARENAS,DIEGO;   ;INCORPORANDO PLAN DE OP 2007, CONSTRUCCION PASARELAS PEATONALES CON RAMPAS SIN ESCALERAS SOBRE ACCESO SUR DESDE SARMIENTO HASTA PASO Y EN PUENTES VEHICULARES SOBRE ACCESO SUR EN CALLES RAWSON JUAN J.PASO, BOEDO Y ARAOZ Y ESPACIO VERDE ENTRE AMBOS CARRILES DEL ACCESO SUR DESDE SARM. A BOEDO;CD;L ;PD;30/10/2006
;http://www.hcdmza.gov.ar/proy/viewer.php?nro=44037;44037;ARENAS,DIEGO;LIGONIE CASTELLER  ;SOLICITANDO A LA DCCION. GRAL. DE ESCUELAS INFORME SOBRE VARIOS PUNTOS RELACIONADOS CON EL PLAN OFTALMOLOGICO 2007;CD;R ;PD;01/11/2006
;http://www.hcdmza.gov.ar/proy/viewer.php?nro=44161;44161;ARENAS,DIEGO;   ;SOLICIATANDO AL MINIST. DE GOBIERNO INFORME SOBRE LO ACTUADO SEGUN LO SOLICITADO POR RES. 1804/05 SOBRE LA INSTALACION DE SISTEMA DE TELEFONIA SATELITAL EN CANALEJAS, GRAL. ALVEAR;CD;R ;PD;20/11/2006
;http://www.hcdmza.gov.ar/proy/viewer.php?nro=44190;44190;ARENAS,DIEGO;   ;SOLICITANDO PE INFORME SI ESTADISTICAMENTE SE HA VERIFICADO UN INCREMENTO DE CASOS DE ENFERMEDADES CANCERIGENAS Y/O CONGENITAS ENTRE LOS VECINOS DEL BARRIOS EN EL DEPTO. GODOY CRUZ.;CD;R ;PD;21/11/2006
;http://www.hcdmza.gov.ar/proy/viewer.php?nro=44191;44191;ARENAS,DIEGO;   ;SOLICITANDO PE INFORME SOBRE PUNTOS RELACIONADOS CON LA LINEA DE ALTA TENSION Y EL TENDIDO ELECTRICO QUE CRUZA DE SUR A NORTE POR BARRIOS EN EL DEPTO. GODOY CRUZ.;CD;R ;PD;21/11/2006
;http://www.hcdmza.gov.ar/proy/viewer.php?nro=44224;44224;ARENAS,DIEGO;   ;CREANDO EL PROGRAMA "MENDOZA LIBRE DE OBESIDAD INFANTIL Y ADOLESCENCIA";CD;L ;PD;23/11/2006
;http://www.hcdmza.gov.ar/proy/viewer.php?nro=44405;44405;ARENAS,DIEGO;   ;ESTABLECIENDO QUE TODA MUJER EMBARAZADA TENDRA DERECHO A ESTUDIO PARA DETECCION DE INFECCION POR ESTREPTOCOCO GRUPO B;CD;L ;PD;14/12/2006
;http://www.hcdmza.gov.ar/proy/viewer.php?nro=44441;44441;ARENAS,DIEGO;LIGONIE CASTELLER CANAL ;SOLICITANDO TRIBUNAL DE CUENTAS INFORME SOBRE AUDITORIAS LLEVADAS A CABO EN LOS PROGRAMAS PCIALES. DETALLADOS EN EL PRESUPUESTO 2006 EN SU ART. 31;CD;R ;PD;20/12/2006
;http://www.hcdmza.gov.ar/proy/viewer.php?nro=44662;44662;ARENAS,DIEGO;   ;SOLICIANDO AL SUBSECRETARIO DE MEDIO AMBIENTE INFORME SOBRE LA ROTURA DE LA PILETA DE OBRAS SANITARIAS MENDOZA EN CAMPO ESPEJO, DEPARTAMENTO LAS HERAS, OCURRIDA DURANTES LOS MESES DE DICIEMBRE 2006 Y ENERO 2007.;CD;R ;PD;05/02/2007
;http://www.hcdmza.gov.ar/proy/viewer.php?nro=44672;44672;ARENAS,DIEGO;   ;QUE MIN.AMB.O.P. PROCEDIERA A LA DEMARCACION, ILUMINACION, SE�ALIZACION Y PINTURA EN EL ASFALTO DEL NUDO CARRETERO UBICADO EN CALLE RODRIGUEZ PE�A EN LA INTERSECCION CON EL ACCESO SUR.;CD;D ;PD;06/02/2007
;http://www.hcdmza.gov.ar/proy/viewer.php?nro=44754;44754;ARENAS,DIEGO;   ;SOLICIANDO AL PTE. O.S.E.P. Y AL DIRECTOR DEL SANATORIO FLEMING, INFORMEN SOBRE DISTINTOS PUNTOS RELACIONADOS CON EL ESTADO DEL SANATORIO FLEMING Y LAS OBRAS DE REPARACION QUE ALLI SE ESTAN REALIZANDO.;CD;R ;PD;20/02/2007
;http://www.hcdmza.gov.ar/proy/viewer.php?nro=44765;44765;ARENAS,DIEGO;   ;DECLARANDO INTERES H. CAMARA EL 2DO SEMINARIO PROVINCIAL DE PREVENCION, SEGUIRIDAD Y VIGILANCIA.;CD;R ;PD;21/02/2007
;http://www.hcdmza.gov.ar/proy/viewer.php?nro=44801;44801;ARENAS,DIEGO;   ;SOLICITANDO PE INFORME SOBRE EL CUMPLIMIENTO DE LOS INFORMES BIMESTRALES QUE CONFORMAN EL ART. 1 Y 2 DE LA LEY 6.496, SOBRE GASTOS DE PUBLICIDAD, PROMOCION, DONACION Y/O SUBSIDIOS.;CD;R ;PD;26/02/2007
;http://www.hcdmza.gov.ar/proy/viewer.php?nro=44895;44895;ARENAS,DIEGO;   ;SOLICITANDO PE INFORME SI ESA PROYECTADA LA COLOCACION DE GUARDA RAIL Y/O SEPARADORES DE HORMIGON UBICADOS EN LOS LATERALES Y EN EL CENTRO DE AMBAS VIAS EN TODA LA EXTENSION DEL CORREDOR DEL OESTE.;CD;R ;PD;07/03/2007
;http://www.hcdmza.gov.ar/proy/viewer.php?nro=44985;44985;ARENAS,DIEGO;   ;QUE PE AL CONSTRUIRSE EN MENDOZA LAS 14.000 VIVIENDAS CON MOTIVO DE LA PUESTA EN VIGENCIA DEL PLAN FEDERAL POR PARTE DEL GOBIERNO NACIOINA, TENGAN COMO MINIMO 100 METROS CUADRADOS Y DOS BA�OS.;CD;D ;PD;21/03/2007
;http://www.hcdmza.gov.ar/proy/viewer.php?nro=45038;45038;ARENAS,DIEGO;   ;SOLICITANDO MIN.AMB.O.P. REALICE UNA INSPECCION TECNICA EN LAS OBRAS DE REMODELACION QUE SE ESAN REALIZANDO EN EL SANATORIO SIR ALEXANDER FLEMING.;CD;R ;PD;26/03/2007
;http://www.hcdmza.gov.ar/proy/viewer.php?nro=45050;45050;ARENAS,DIEGO;   ;SOLICITANDO AL PE INFORME SOBRE PUNTOS VINCULADOS A LA RUTA N� 7, TRAMO PUNTA DE VACAS-LAS CUEVAS.;CD;R ;PD;28/03/2007
;http://www.hcdmza.gov.ar/proy/viewer.php?nro=45097;45097;ARENAS,DIEGO;   ;DISTINGUIENDO AL LIC. EN TURISMO, SR. MARCELO REYNOSO, POR SU LABOR COMO COORDINADOR Y ASESOR DEL PROYECTO DE TURISMO RURAL "LOS CAMINOS DE ALTAMIRA", PREMIADO EN LA FERIA DE TURISMO DE BERLIN.;CD;R ;PD;03/04/2007
;http://www.hcdmza.gov.ar/proy/viewer.php?nro=45143;45143;ARENAS,DIEGO;   ;SOLICITANDO D.G.I. INFORME SOBRE TRABAJOS REALIZADO DE LIMPIEZA EN LOS DESAGUES DE RIEGO EN LOS DISTRITOS BARRIALES Y RODRIGUEZ PENA, EN EL DEPTO. JUNIN Y DE UGARTECHE Y PERDRIEL, DEPARTAMENTO LUJAN DE CUYO.;CD;R ;PD;10/04/2007
;http://www.hcdmza.gov.ar/proy/viewer.php?nro=45144;45144;ARENAS,DIEGO;   ;QUE D.P.V. PROCEDIERA A LA SE�ALIZACION, DEMARCACION Y PINTURA DE CALZADA Y MANTENIMIENTO DE BANQUINAS DE LA RUTA PROVINCIAL N� 86, DESDE SU INTERSECCION CON LA RUTA N� 40 EN EL DISTRITO UGARTECHE, LUJAN DE CUYO Y LA VILLA CABECERA DEL DEPTO. TUPUNGATO;CD;D ;PD;11/04/2007
;http://www.hcdmza.gov.ar/proy/viewer.php?nro=45193;45193;ARENAS,DIEGO;   ;SOLICITANDO MIN.SEG. INFORME SOBRE VARIOS PUNTOS REFERIDOS A LOS INSCRIPTOS Y EGRESADOS DEL INSTITUTO UNIVERSITARIO DE SEGURIDAD PROVINCIAL.;CD;R ;PD;16/04/2007
;http://www.hcdmza.gov.ar/proy/viewer.php?nro=45194;45194;ARENAS,DIEGO;   ;AGREGANDO EL INC. i) AL ART. 39 DE LA LEY 6082 -TRANSITO Y TRANSPORTE;CD;L ;PD;16/04/2007
;http://www.hcdmza.gov.ar/proy/viewer.php?nro=45197;45197;ARENAS,DIEGO;   ;SOLICITANDO MIN.SEG. INFORME ESTADO DE LA OBRA, PLAZO DE ENTREGA Y PUESTA EN FUNCIONAMIENTO DEL SISTEMA DE COMUNICACIONES TETRA.;CD;R ;PD;17/04/2007
;http://www.hcdmza.gov.ar/proy/viewer.php?nro=45205;45205;ARENAS,DIEGO;   ;SOLICITANDO DIRECCION DE VIAS Y MEDIOS DE TRANSPORTE INFORME SOBRE PUNTOS RESPECTO AL SISTEMA DE TRANSPORTE PUBLICO URBANO Y CONURBANO.;CD;R ;PD;17/04/2007
;http://www.hcdmza.gov.ar/proy/viewer.php?nro=45444;45444;ARENAS,DIEGO;   ;CITANDO A LA COMISION DE SALUD PUBLICA A LOS DIRECTORES DE LOS HOSPITALES DE LA PCIA. A FIN DE ANALIZAR ASPECTOS DE LA PRESTACION DE SALUD EN HOSPITALES DE ALTA COMPLEJIDAD Y DE BAJA COMPLEJIDAD;CD;R ;PD;15/05/2007
;http://www.hcdmza.gov.ar/proy/viewer.php?nro=45725;45725;ARENAS,DIEGO;   ;QUE EL MINIST. DE AMB. Y OP. GESTIONARA LA COLOCACION DE SEMAFORO EN INTERSECCION DE CALLES TUCUMAN Y ESTEBAN ECHEVERRIA DE GODOY CRUZ;CD;D ;PD;07/06/2007
;http://www.hcdmza.gov.ar/proy/viewer.php?nro=45806;45806;ARENAS,DIEGO;   ;SOLICITANDO PE INFORME SOBRE LAS ACTIVIDADES Y HORARIOS PRESTADOS POR EL OFICIAL AUXILIAR PP DOMINGO ANIBAL HERRERA Y POR EL OFICIAL PP FLAVIO MORENO.;CD;R ;PD;20/06/2007
;http://www.hcdmza.gov.ar/proy/viewer.php?nro=46050;46050;ARENAS,DIEGO;   ;SOLICITANDO MIN.TUR.CUL. INFORME SOBRE LA SALUD DEL RINOCERONTE DEL ZOOLOGICO PROVINCIAL.;CD;RP;PD;18/07/2007
;http://www.hcdmza.gov.ar/proy/viewer.php?nro=46051;46051;ARENAS,DIEGO;   ;SOLICITANDO D.G.E. INFORME LA RAZON POR LA CUAL NO SE HAN ENTREGADO LOS CERTIFICADOS ANALITICOS DE ESTUDIOS CORRESPONDIENTES A ALUMNOS QUE HAN CULMINADO SUS ESTUDIOS COMPLETOS DE NIVEL POLIMODAL EN EL MES DE DICIEMBRE DE 2006, PERTENECIENTESS A DIVERSOS ESTABLECIMIENTOS EDUCATIVOS DE LA PROVINCIA.;CD;R ;PD;18/07/2007
;http://www.hcdmza.gov.ar/proy/viewer.php?nro=46052;46052;ARENAS,DIEGO;   ;SOLICITANDO PE INFORME SOBRE VARIOS PUNTOS REFERIDOS CON LA SRA. ANA MARIA GATUSSO.;CD;R ;PD;18/07/2007
;http://www.hcdmza.gov.ar/proy/viewer.php?nro=46152;46152;ARENAS,DIEGO;   ;SOLICITANDO D.P.V. INFORME LAS RAZONES POR LAS CUALES NO HABILITA EL NUEVO PUENTE QUE SE UBICA EN LA RUTA 92, SOBRE EL ARROYO LA RIOJITA, DISTRITO COLONIA LAS ROSAS, DEPARTAMENTO TUNUYAN.;CD;R ;PD;31/07/2007
;http://www.hcdmza.gov.ar/proy/viewer.php?nro=46162;46162;ARENAS,DIEGO;   ;SOLICITANDO MIN.DES.SOC. Y MIN.SAL. INFORME SOBRE LAS RENDICIONES PRESENTADAS POR LOS PROGRAMAS PROVINCIALES DETALLADOS EN EL PRESUPUESTO PROVINCIAL 2006, LEY 7490 Y LOS SUBSIDIOS TRANSFERIDOS A LA COOPERADORA DEL HOSPITAL CENTRAL.;CD;R ;PD;31/07/2007
;http://www.hcdmza.gov.ar/proy/viewer.php?nro=46167;46167;ARENAS,DIEGO;CASTELLER DIAZ OLDRA MILLAN;INVITANDO A LA H. JUNTA DE DISCIPLINA DEL NIVEL INICIAL Y PRIMARIO DE LA D.G.E., A REUNION DE LA COMISION C.E., A EFECTOS DE QUE INFORME SOBRE LO ACTUADO EN RELACION DE LA DENUNCIA REALIZADA POR LA SRA. CLAUDIA VALENZUELA ANTE ESA JUNTA DE DISCIPLINA EL DIA 07-06-06, VINCULADA A UNA SITUACION OCURRIDA EN LA ESCUELA N� 8-468 "ELPIDIO GONZALEZ", LAGUNA DEL ROSARIO, DEPARTAMENTO LAVALLE.;CD;R ;PD;31/07/2007
;http://www.hcdmza.gov.ar/proy/viewer.php?nro=46168;46168;ARENAS,DIEGO;   ;DECLARANDO INTERES DE ESTA H. CAMARA EL CUARTO ENCUENTRO INTERPROVINCIAL DE ACTIVIDADES ECUESTRES Y EQUINOTERAPIA "DIA DE LA EQUITACION PARA TODOS 2007", A REALIZARSE LOS DIAS 25 Y 26 DE AGOSTO EN LAS INSTALACIONES DE LA ESCUELA DE NI�OS Y JOVENES CON CAPACIDADES ESPECIALES.;CD;R ;PD;01/08/2007
;http://www.hcdmza.gov.ar/proy/viewer.php?nro=46187;46187;ARENAS,DIEGO;   ;SOLICITANDO AL PE INFORME SOBRE LAS TAREAS EJECUTADAS EN LOS A�OS 2006 Y 2007 TENDIENTES AL MANTENIMIENTO LIMPIEZA Y CONTROL DE ZANJON FRIAS, UBICADO EN EL LIMITE DE LOS DEPARTAMENTOS CIUDAD Y GODOY CRUZ.;CD;R ;PD;01/08/2007
;http://www.hcdmza.gov.ar/proy/viewer.php?nro=46276;46276;ARENAS,DIEGO;   ;SOLICITANDO PE INFORME SOBRE PUNTOS RELATIVOS A LAS ALTAS Y BAJAS PRODUCIDAS DURANTE LOS A�OS 1990 Y 2006 EN EL JARDIN ZOOLOGICO.;CD;R ;PD;15/08/2007
;http://www.hcdmza.gov.ar/proy/viewer.php?nro=46329;46329;ARENAS,DIEGO;   ;SOLICITANDO PE INFORME SOBRE LAS MUERTES DE DOS (2) EJEMPLARES DE HIPOPOTAMO, NACIDOS EL DIA 18 DE AGOSTO 2007.;CD;R ;PD;23/08/2007
;http://www.hcdmza.gov.ar/proy/viewer.php?nro=46444;46444;ARENAS,DIEGO;   ;DECLARANDO INTERES H. CAMARA LA REALIZACION DEL PROYECTO "ARROZ CON LECHE 2007" DEL ROTARACT CLUB GODOY CRUZ, EL DIA 24-10-07,EN EL DEPTO. GODOY CRUZ.;CD;D ;PD;03/09/2007
;http://www.hcdmza.gov.ar/proy/viewer.php?nro=46459;46459;ARENAS,DIEGO;   ;REITERANDO EL PEDIDO DE INFORME SOLICITADO POR RESOLUCION N� 2026 DE FECHA 18-04-07, RESPECTO AL SISTEMA DE COMUNICACIONES TETRA.;CD;R ;PD;05/09/2007
;http://www.hcdmza.gov.ar/proy/viewer.php?nro=46512;46512;ARENAS,DIEGO;   ;SOLICITANDO MIN.SAL. INFORME SOBRE LA PROBLEMATICA VINCULADA CON LOS PROCESOS DE ESTERILIZACION, VIRUS INTRAHOSPITALARIOS Y CONTROL DE LOS MISMOS EN TODOS LOS HOSPITALES, CENTROS DE SALUD, CLINICAS Y SANATARIOS PUBLICA Y PRIVADOS EN LA PROVINCIA.;CD;R ;PD;12/09/2007
;http://www.hcdmza.gov.ar/proy/viewer.php?nro=46761;46761;ARENAS,DIEGO;   ;SOLICITANDO MIN.AMB.O.P. INFORME RESPECTO AL PROCESO DE LICITACION DEL FERROTRANVIA URBANO DE MENDOZA.;CD;R ;PD;10/10/2007
;http://www.hcdmza.gov.ar/proy/viewer.php?nro=46954;46954;ARENAS,DIEGO;   ;MODIFICANDO EL ART. 29, INC. 7) DE LA LEY 6721 Y EL ART. 43F, INC. 23) DE LA LEY 6722;CD;L ;PD;31/10/2007
;http://www.hcdmza.gov.ar/proy/viewer.php?nro=46960;46960;ARENAS,DIEGO;   ;SOLICITANDO AL PE QUE DECLARE LA EMERGENCIA ECONOMICA, SOCIAL Y SANITARIA EN LOS DISTRITOS LAS CATITAS Y LA DORMIDA EN SANTA ROSA, POR LA TORMENTE DE GRANIZO DEL 31 DE OCTUBRE;CD;D ;PD;01/11/2007
;http://www.hcdmza.gov.ar/proy/viewer.php?nro=46963;46963;ARENAS,DIEGO;   ;REITERANDO LOS PEDIDOS DE INFORMES EFECTUADOS POR RESOLUCIONES NRO.S 471/07, 679/07 Y 784/07.;CD;R ;PD;02/11/2007
;http://www.hcdmza.gov.ar/proy/viewer.php?nro=47028;47028;ARENAS,DIEGO;   ;SOLICITANDO OSEP INFORME SOBRE VARIOS PUNTOS CORRESPONDIENTES A LOS ULTIMOS DIEZ EJERCICIOS, INCLUYENDO EL EJECUTADO 2007 AL 31 DE OCTUBRE DE 2007.;CD;R ;PD;13/11/2007
;http://www.hcdmza.gov.ar/proy/viewer.php?nro=47031;47031;ARENAS,DIEGO;   ;SOLICITANDO A LA DIRECCIOIN DE VIAS Y MEDIOS DE TRANSPORTE INFORME SOBRE PUNTOS RELACIONADOS CON EL SISTEMA DE TRANSPORTE PUBLICO URBANO Y CONURBANO DELA PROVINCIA.;CD;R ;PD;14/11/2007
;http://www.hcdmza.gov.ar/proy/viewer.php?nro=47124;47124;ARENAS,DIEGO;   ;SOLICITANDO MIN.SAL. INFORME SOBRE PUNTOS REFERIDOS AL SINDROME UREMICO HEMOLITICO.;CD;R ;PD;27/11/2007
;http://www.hcdmza.gov.ar/proy/viewer.php?nro=47295;47295;ARENAS,DIEGO;   ;SOLICTIANDO AL MINIST. DE SALUD QUE INFORME SOBRE VARIOS PUNTOS REFERIDOS A LOS FONDOS DE AUTOGESTION DE HOSPITALES EN EL PRESUPUESTO 2007;CD;R ;PD;17/12/2007
;http://www.hcdmza.gov.ar/proy/viewer.php?nro=47312;47312;ARENAS,DIEGO;   ;SOLICITANDO AL MINISTERIO DE INFRAESTRUCTURA, VIVIENDA Y TRANSPORTE QUE INFORME SOBRE VARIOS PUNTOS RELACIONADO CON LA EMPRESA PCIAL. DE TRANSPORTE;CD;R ;PD;18/12/2007
;http://www.hcdmza.gov.ar/proy/viewer.php?nro=47366;47366;ARENAS,DIEGO;   ;INVITANDO A LOS DIRECTORES DE LOS HOSPITALES DE LA PCIA. A FIN DE QUE INFORMEN SOBRE DISTINTOS PUNTOS;CD;R ;PD;26/12/2007
;http://www.hcdmza.gov.ar/proy/viewer.php?nro=47705;47705;ARENAS,DIEGO;DALLA CIA   ;SOLICITANDO AL INSTITUTO PROVINCIAL DE JUEGOS Y CASINOS INFORME SOBRE DIVERSOS PUNTOS RELACIONADOS A LAS AGENCIAS Y SUBAGENCIAS DE LOTERIA Y QUINIELA.;CD;R ;PD;14/02/2008
;http://www.hcdmza.gov.ar/proy/viewer.php?nro=47769;47769;ARENAS,DIEGO;   ;QUE LA DCCION. DE VIAS Y MEDIOS DE TRANSPORTE IMPLEMENTARA EN LA ZONA ESTE NUEVOS RECORRIDOS A PRESTAR POR LA LINEA 240 (EPTM) Y LA LINEA 10 (EMPRESA MAIPU) DESDE LA CIUDAD DE MZA. A SAN MARTIN, JUNIN Y RIVADAVIA;CD;D ;PD;21/02/2008
;http://www.hcdmza.gov.ar/proy/viewer.php?nro=47800;47800;ARENAS,DIEGO;   ;DECLARANDO A LA RUTA PCIAL. 153 Y A LA 171, MEDIANTE UNA VARIANTE DESDE REAL DEL PADRE PARALELA AL FERROCARRIL, COMO PARTE DEL CORREDOR BIOCEANICO BAHIA BLANCA-CRISTO REDENTOR;CD;R ;PD;26/02/2008
;http://www.hcdmza.gov.ar/proy/viewer.php?nro=47958;47958;ARENAS,DIEGO;   ;MODIFICANDO EL ART. 41 DE LA LEY 6082 EN REFERENCIA A LA OBLIGACION DE CIRCULAR CON LAS LUCES BAJAS ENCENDIDAS;CD;L ;PD;10/03/2008
;http://www.hcdmza.gov.ar/proy/viewer.php?nro=47963;47963;ARENAS,DIEGO;   ;QUE PE REMITIERA EL PROYECTO DE LEY QUE CONTEMPLE LA MODIFICACION DE LA LEY 7837, DISPONIENDO UNA PARTIDA PRESUPUESTARIA DE $ 300.000 DESTINADO AL FUNCIONAMIENTO DEL HOSPITAL "MADRE TERESA DE CALCUTA" QUE LA FUNDACION CONIN POSEE EN EL DEPTO. LAS HERAS.;CD;D ;PD;11/03/2008
;http://www.hcdmza.gov.ar/proy/viewer.php?nro=47981;47981;ARENAS,DIEGO;CASTELLER MILLAN SORIA DALLA CIA;IMPONIENDO EL NOMBRE DE "DR. JUAN ALEJO MALLEA" AL CENTRO DE SALUD 96 EN LOS ARBOLES, TUNUYAN;CD;L ;PD;12/03/2008
;http://www.hcdmza.gov.ar/proy/viewer.php?nro=48079;48079;ARENAS,DIEGO;   ;SOLICITANDO A LA DCCION. DE FISCALIZACION, CONTROL Y DEFENSA AL CONSUMIDOR QUE INFORME SOBRE LAS NAFTAS Y COMBUSTIBLES QUE SE COMERCIALIZAN EN MZA.;CD;R ;PD;25/03/2008
;http://www.hcdmza.gov.ar/proy/viewer.php?nro=48122;48122;ARENAS,DIEGO;   ;SOLICITANDO AL MINIST. DE SALUD QUE INFORME SOBRE EL PROGRAMA DE ADQUISICION DE MEDICAMENTOS PARA EL SISTEMA DE SALUD PUBLICA DE LA PROVINCIA;CD;R ;PD;28/03/2008
;http://www.hcdmza.gov.ar/proy/viewer.php?nro=48228;48228;ARENAS,DIEGO;CASTELLER SANCHEZ SPEZIA PRADINES;SOLICITANDO PE QUE A TENOR DE LO DISPUESTO POR EL ART. 41 DE LA LEY 6044, DISPUSIERA LA CADUCIDAD DE LA CONCESION DEL SERVICIO A LA EMPRESA OBRAS SANITARIAS MENDOZA S.A.;CD;R ;PD;09/04/2008
;http://www.hcdmza.gov.ar/proy/viewer.php?nro=48619;48619;ARENAS,DIEGO;   ;DECLARANDO INTERES H. CAMARA EL LIBRO "TE ACORDAS DE LA MENDOZA DE ANTES", AUTORIA DE LA SRA. FLORENCIA CURTH DE CAVANAGH.;CD;R ;PD;14/05/2008
;http://www.hcdmza.gov.ar/proy/viewer.php?nro=48685;48685;ARENAS,DIEGO;   ;SOLICITANDO AL FISCAL DE ESTADO QUE INFORME SOBRE EL ESTADO DE LA INVESTIGACION ADMINIST. OBRANTE EN EXPTE. 1747-A-08 -DENUNCIA DE LA DGE POR EL RESULTADO DE LA INVESTIGACION DE IRREGULARIDADES DETECTADAS POR RESOLUCION 1592/07 DE LA DGE;CD;R ;PD;20/05/2008
;http://www.hcdmza.gov.ar/proy/viewer.php?nro=48675;48675;ARENAS,DIEGO;   ;QUE EL PE DISPUSIERA SIMULACROS SISMICOS EN TODOS LOS AMBITOS PUBLICOS Y PRIVADOS;CD;R ;PD;20/05/2008
;http://www.hcdmza.gov.ar/proy/viewer.php?nro=48745;48745;ARENAS,DIEGO;   ;SOLICITANDO PE INFORME SOBRE PROVEER A LAS POLICIAS DE MENDOZA LOS UNIFORMES EN LOS TERMINOS ASUMIDOS.;CD;R ;PD;27/05/2008
;http://www.hcdmza.gov.ar/proy/viewer.php?nro=48750;48750;ARENAS,DIEGO;   ;QUE PE REALIZARA EL CIERRE PERIMETRAL DEL JARDIN NUCLEADO N� 0-118 UBICADO EN LAS CALLES BERUTTI Y REPUBLICA DE SIRIA, BARRIO VARGAS, LUZURIAGA, DEPTO. MAIPU.;CD;D ;PD;27/05/2008
;http://www.hcdmza.gov.ar/proy/viewer.php?nro=48776;48776;ARENAS,DIEGO;LAZARO SPEZIA CASTELLER ORTIZ;INCLUYENDO EN EL PLAN DE OP PRESUPUESTO 2009 LA REPARACION Y ENSANCHE A TRES CARRILES POR CADA VIA DEL ACCESO SUR DESDE EL CONDOR, GLLEN, HASTA AZCUENAGA, LUJAN DE CUYO;CD;L ;PD;28/05/2008
;http://www.hcdmza.gov.ar/proy/viewer.php?nro=48882;48882;ARENAS,DIEGO;   ;DECLARANDO DE INTERS DE LA H. CAMARA LA MUESTRA "MOMENTOS DEL VINO" A REALIZARSE EN EL MUSEO KILKA EN LA BODEGA SALENTEIN;CD;R ;PD;05/06/2008
;http://www.hcdmza.gov.ar/proy/viewer.php?nro=49025;49025;ARENAS,DIEGO;   ;QUE VICEGOBERNADOR DE LA PROVINCIA, DISPUSIERA COLOCAR EN LA LLAMADA GALERIA DE LOS GOBERNADORES, EL RETRATO DEL GENERAL DON JOSE DE SAN MARTIN, QUIEN FUERA GOBERNADOR DE CUYO DESDE 10-08-0814 AL 01-08-1816.;CD;D ;PD;20/06/2008
;http://www.hcdmza.gov.ar/proy/viewer.php?nro=49053;49053;ARENAS,DIEGO;   ;SOLICITANDO PE INFORME SOBRE TEMAS VINCULADOS A LA SE�ALIZACION "HORIZONTAL" DEL DENOMINADO ACCESO SUR DESDE EL CONDOR HATA EL ACCESO A LUJAN DE CUYO EN CALLE AZCUENAGA.;CD;R ;PD;24/06/2008
;http://www.hcdmza.gov.ar/proy/viewer.php?nro=49100;49100;ARENAS,DIEGO;   ;PRORROGANDO HASTA EL 31 DE DICIEMBRE DE 2008 EL PLAZO CONTEMPLADO EN EL ART. 7 DE LA LEY 7.372 -COLEGIO DE CORREDORES PUBLICOS INMOBILIARIOS D ELA PROVINCIA-, PARA EJERCER EL DERECHO DE INSCRIPCION OBLIGATORIA Y EXCEPCIONAL ANTE EL COLEGIO DE CORREDORES PUBLICOS INMOBILIARIOS.;CD;L ;PD;26/06/2008
;http://www.hcdmza.gov.ar/proy/viewer.php?nro=49101;49101;ARENAS,DIEGO;   ;ADHIRIENDO LA PROVINCIA DE MENDOZA A LA LEY NACIONAL N� 25.326 SOBRE LA "PROTECCION DE LOS DATOS PERSONALES-.;CD;L ;PD;26/06/2008
;http://www.hcdmza.gov.ar/proy/viewer.php?nro=49102;49102;ARENAS,DIEGO;   ;INCORPORANDO LOS ART. 19 BIS Y 19 TER Y MODIFICANDO EL ART. 20 DEL REGLAMENTO DE PRESTAMOS DEVOLUCIONES Y TASACIONES DE LAS OBRAS DE BIBLIOTECA PUBLICA LEGISLATIVA DE FECHA 28-11-1957 DE LA LEY 1997.;CD;R ;PD;26/06/2008
;http://www.hcdmza.gov.ar/proy/viewer.php?nro=49574;49574;ARENAS,DIEGO;   ;OTORGANDO UNA DISTINCION LEGISLATIVA AL "CLUB ALTLETICO GIMNASIA Y ESGRIMA" AL CUMPLIRSE EL DIA 30 DE AGOSTO DE 2008, 100 A�OS DE SU FUNDACION.;CD;R ;PD;12/08/2008
;http://www.hcdmza.gov.ar/proy/viewer.php?nro=49580;49580;ARENAS,DIEGO;VICCHI PETRI PIEDRAFITA MILLAN;DECLARANDO INTERES DE ESTA H. CAMARA AL "INSTITUTO DE ALTOS ESTUDIOS DE DERECHOS PENAL Y DERECHOS PROCESAL PENAL, COMPARADO.;CD;R ;PD;12/08/2008
;http://www.hcdmza.gov.ar/proy/viewer.php?nro=49662;49662;ARENAS,DIEGO;   ;SOLICITANDO A LA DCCION NACIONAL DE VIALIDAD INFORME SOBRE LA REFACCION DEL TERRAPLEN SOBRE EL ARROYO LA ESTACADA;CD;R ;PD;19/08/2008
;http://www.hcdmza.gov.ar/proy/viewer.php?nro=49986;49986;ARENAS,DIEGO;   ;SOLICITANDO PE INFORME SOBRE CONTROLES DE DISE�O, FUNCIONAMIENTO, MANTEN. Y SEGURID. DE EDIFICIOS DE HOSPITALES, CENTROS DE SALUD PUBLICOS Y PRIVADOS;CD;R ;PD;11/09/2008
;http://www.hcdmza.gov.ar/proy/viewer.php?nro=50048;50048;ARENAS,DIEGO;SPEZIA CASTELLER  ;QUE EL PEN SOLICITARA LA RENUNCIA INDECLINABLE DE JULIO DE VIDO;CD;D ;PD;17/09/2008
;http://www.hcdmza.gov.ar/proy/viewer.php?nro=50143;50143;ARENAS,DIEGO;   ;ADH IRIENDO LA PCIA. A LO DISPUESTO POR LEY NACIONLA 26.369;CD;L ;PD;24/09/2008
;http://www.hcdmza.gov.ar/proy/viewer.php?nro=50144;50144;ARENAS,DIEGO;   ;SOLICITANDO A LA DCCION. DE VIAS Y MEDIOS DE TRANSPORTE QUE INFORME SOBRE LOS CONTROLES QUE REALIZA LA TERMINAL DEL SOL Y TERMINALES DE CADA DEPTO.;CD;R ;PD;24/09/2008
;http://www.hcdmza.gov.ar/proy/viewer.php?nro=50158;50158;ARENAS,DIEGO;   ;CREANDO LA COMISION ESPECIAL EMPRESA PCIAL. DE TRANSPORTE DE MZA.;CD;R ;PD;25/09/2008
;http://www.hcdmza.gov.ar/proy/viewer.php?nro=50232;50232;ARENAS,DIEGO;   ;DECLARANDO INTERES H. CAMARA LA 33� EDICION DEL ENCUENTRO INFANTIL DE RUGBY "MAXIMO NAVESI", ORGANIZADO POR MARISTA RUGBY CLUB, EL DIA 4, 5, 11 Y 12 DE OCTUBRE DE 2008 EN LUJAN DE CUYO.;CD;R ;PD;01/10/2008
;http://www.hcdmza.gov.ar/proy/viewer.php?nro=50236;50236;ARENAS,DIEGO;   ;REPUDIANDO LOS HECHOS PRODUCIDOS POR EL EDIL MORALES DEL HCD. DE CAPITAL;CD;R ;PD;01/10/2008
;http://www.hcdmza.gov.ar/proy/viewer.php?nro=50302;50302;ARENAS,DIEGO;   ;SOLICITANDO A COMISION OTSUC, INVITE A LAS AUTORIDADES DE ENARGAS, ECOGAS Y VECINOS AFECTADOS, A FIN DE TRATAR LA SITUACION PLANTEADA POR EL SEGUNDO BARRIO EMPLEADOS DE COMERCIO EN GODOY CRUZ,BARRIO UNIMEV DE GUAYMALLEN Y ALGUNAS VIVIENDAS DE CALLE ALZAGA, DEPTO. LUJAN DE CUYO.;CD;R ;PD;07/10/2008
;http://www.hcdmza.gov.ar/proy/viewer.php?nro=50457;50457;ARENAS,DIEGO;   ;DECLARANDO DE INTERES DE LA H. CAMARA LA SEGUNDA CUMBRE IMPLANTOLOGICA Y VIII CONGRESO INTERNACIONAL;CD;R ;PD;20/10/2008
;http://www.hcdmza.gov.ar/proy/viewer.php?nro=50685;50685;ARENAS,DIEGO;   ;SOLICITANDO MIN.INF.VIV.TRAN. REALICE UNA INSPECCION TECNICA EN LA REMODELACION DEL SANATORIO FLEMING.;CD;R ;PD;30/10/2008
;http://www.hcdmza.gov.ar/proy/viewer.php?nro=50690;50690;ARENAS,DIEGO;   ;SOLICITANDO LA VISITA DE LOS SRES. DIRECTORES DEL SANATORIO FLEMING, HOSPITAL DEL CARMEN Y DE LOS CENTROS DE SALUD PERTENECIENTES A LA OBRA SOCIAL DE EMPLEADOS PUBLICOS, A FIN DE QUE INFORMEN SOBRE DISTINTOS PUNTOS.;CD;R ;PD;30/10/2008
;http://www.hcdmza.gov.ar/proy/viewer.php?nro=50686;50686;ARENAS,DIEGO;   ;QUE MIN.SEG. IMPLEMENTARA LA APERTURA DE UNA NUEVA SUCURSAL PARA LICENCIAS DE CONDUCIR EN GODOY CRUZ.;CD;D ;PD;30/10/2008
;http://www.hcdmza.gov.ar/proy/viewer.php?nro=50687;50687;ARENAS,DIEGO;   ;INCLUYENDO EN PLAN DE OP 2009 LA CONSTRUCCION DEL HOSPITAL MATERNO INFANTIL DE GODOY CRUZ;CD;L ;PD;30/10/2008
;http://www.hcdmza.gov.ar/proy/viewer.php?nro=50688;50688;ARENAS,DIEGO;   ;INCLUYENDO PLAN DE OP 2009 LA CONSTRUCCION DEL NUEVO SANATORIO ALEXANDER FLEMING DE LA OSEP;CD;L ;PD;30/10/2008
;http://www.hcdmza.gov.ar/proy/viewer.php?nro=50689;50689;ARENAS,DIEGO;   ;ESTABLECIENDO EL REGIMEN JURIDICO DE LA PUBLICIDAD OFICIAL;CD;L ;PD;30/10/2008
;http://www.hcdmza.gov.ar/proy/viewer.php?nro=50875;50875;ARENAS,DIEGO;   ;DECLARANDO INTERES H. CAMARA LA REALIZACION DEL PRIMER ENCUENTRO DE ORGANIZACIONES SOLIDARIAS QUE IMPULSA "SUMAR COMPROMISO SOLIDARIO", ORGANIZADO POR EL BANCO POPULAR DE LA BUENA FE, DEPENDIENTE DEL MIN.DES. SOCIAL DE LA NACION, A REALIZARSE EL DIA 21 DE NOVIEMBRE DE 2008 EN EL TEATRO INDEPENDENCIA DE LA CIUDAD DE MENDOZA.;CD;R ;PD;18/11/2008
;http://www.hcdmza.gov.ar/proy/viewer.php?nro=50907;50907;ARENAS,DIEGO;   ;QUE EL PE ACORDARA CON EL BANCO DE LA NACION Y TODOS LOS BANCOS PRIVADOS Y PUBLICOS QUE OPERAN EN MZA. QUE LAS MONEDAS CIRCULANTES PERMANEZCAN EN LA PROVINCIA;CD;D ;PD;19/11/2008
;http://www.hcdmza.gov.ar/proy/viewer.php?nro=51092;51092;ARENAS,DIEGO;   ;INVITANDO DIRECTORA DE EDUCACION SUPERIOR, A REUNION DE LA COMISION CE, A FIN DE QUE INFORME SOBRE SITUACION DEL AULA SEDE DE LA ESCUELA N� 9-002, DR. TOMAS GODOY CRUZ, QUE FUNCIONA EN LA ESCUELA PERON CON DOMICILIO EN CALLE CENTENARIO S/N, DEPARTAMENTO LAVALLE.;CD;R ;PD;03/12/2008
;http://www.hcdmza.gov.ar/proy/viewer.php?nro=51217;51217;ARENAS,DIEGO;   ;SOLICITANDO AL MINIST. DE SALUD INFORME SOBRE VARIOS PUNTOS REFERIDOS AL FUNCIONAMIENTO DEL HOSPITAL LAGOMAGGIORE;CD;R ;PD;17/12/2008
;http://www.hcdmza.gov.ar/proy/viewer.php?nro=51497;51497;ARENAS,DIEGO;   ;DECLARANDO DE INTERES H. CAMARA LA MUESTRA DENOMINADA "DIALOGOS DEL VINO", PLATERIA DE LA EPOCA DE ORO (1720-1850) DEL RECONOCIDO MAESTRO ORFEBRE EMILIO PATARCA.;CD;R ;PD;04/02/2009
;http://www.hcdmza.gov.ar/proy/viewer.php?nro=51663;51663;ARENAS,DIEGO;   ;SOLICITANDO A D.G.E., AL MIN.SAL. Y A LA 2� FISCALIA PENAL DE LA CUARTA CIRCUNSCRIPCION JUDICIAL INFORMEN SOBRE LA DENUNCIA REALIZADA A LA DELEGADA REGIONAL DE EDUCACION DEL VALLE DE UCO.;CD;R ;PD;24/02/2009
;http://www.hcdmza.gov.ar/proy/viewer.php?nro=52111;52111;ARENAS,DIEGO;   ;DECLARANDO INTERES DE ESTA H. CAMARA ELTORNEO INTERNACIONAL "MENDOZA EN VENDIMIA DE SENIORS", A REALIZARSE EN MENDOZA EN LA SEDE DEL GOLF CLUB ANDINO LOS DIAS 21, 22 Y 23 DE ABRIL DE 2009.;CD;R ;PD;07/04/2009
;http://www.hcdmza.gov.ar/proy/viewer.php?nro=52289;52289;ARENAS,DIEGO;   ;ASIGNANDO UN APORTE NO REINTEGRABLE DE $ 50.000.000-, EN CARACTER DE AUXILIO FINANCIERO EXTRA A LOS MUNICIPIOS, PARA LA ASISTENCIA DEL INCREMENTO DE LOS SALARIOS ACORDADOS EN REUNIONES PARITARIAS REALIZADAS EN ABRIL DE 2009.;CD;L ;PD;29/04/2009
;http://www.hcdmza.gov.ar/proy/viewer.php?nro=52451;52451;ARENAS,DIEGO;   ;SOLICITANDO AL SECRETARIO DE TURISMO INFORME LAS RAZONES Y/O MOTIVOS Y/O FUNCIONARIO QUE DIO LA ORDEN Y/O EN SU CASO REMITA COPIA DE LA RESOLUCION QUE DISPUSO QUE EL PERSONAL D ELA DIRECCION DE PARQUES, PROCEDIERA A CORTAR EL CERCO VERDE INTEGRADO POR VARIAS ESPECIES VEGETALES, SOBRE EL ALAMBRADO OLIMPICO QUE CIRCUNDA EL GOLF CLUB ANDINO EN EL COSTADO DE LA CALLE LAS PICHARDAS, EN EL PARQUE GENERAL SAN MARTIN.;CD;R ;PD;12/05/2009
;http://www.hcdmza.gov.ar/proy/viewer.php?nro=52848;52848;ARENAS,DIEGO;   ;EXPRESANDO EL DESEO QUE EL PODER EJECUTIVO DISPONGA LA IMPRESION DE UN MILLON DE BOLETAS DEL SI A LA REFORMA DEL ART. 198 DE LA CONSTITUCION PROVINCIAL, QUE LIMITA LAS REELECCIONES DE LOS INTENDENTES A UN SOLO PERIODO CONSECUTIVO.;CD;D ;PD;17/06/2009
;http://www.hcdmza.gov.ar/proy/viewer.php?nro=53328;53328;ARENAS,DIEGO;   ;SOLICITANDO A LA DIRECCION PROVINCIAL DE VIALIDAD INFORME LOS MOTIVOS POR EL CUAL LA ILUMINACION NOCTURNA DEL CORREDOR DEL OESTE DESDE APROXIMADAMENTE LA INTERSECCION DE CALLES ARMANI HASTA LAGO HERMOSO EN EL DEPARTAMENTO GODOY CRUZ, NO ENCIENDE DESDE EL DIA 8 DE AGOSTO HASTA LA FECHA, O HASTA QUE SE REPARE EL SERVICIO.;CD;R ;PD;18/08/2009
;http://www.hcdmza.gov.ar/proy/viewer.php?nro=53329;53329;ARENAS,DIEGO;   ;SOLICITANDO AL DEPARTAMENTO GENERAL DE IRRIGACION INFORME SOBRE LAS OBRAS DE REVESTIMIENTO Y HORMIGONADO DEL CANAL SAN MARTIN EN TODO SU RECORRIDO DESDE EL DEPARTAMENTO LUJAN DE CUYO HASTA EL DEPARTAMENTO LAVALLE.;CD;R ;PD;18/08/2009
;http://www.hcdmza.gov.ar/proy/viewer.php?nro=53595;53595;ARENAS,DIEGO;   ;SOLICITANDO AL MINISTERIO DE HACIENDA INFORME SOBRE SI TIENE INVENTARIADO EL JUEGO DE ESCRITORIO DE LA PRESIDENCIA DEL EX BANCO DE MENDOZA.;CD;R ;PD;09/09/2009
;http://www.hcdmza.gov.ar/proy/viewer.php?nro=53641;53641;ARENAS,DIEGO;   ;SOLICITANDO AL PODER EJECUTIVO, QUE A TRAVES DEL INSTITUO PROVINCIAL DE JUEGOS Y CASINOS, INFORME RESPECTO AL PROYECTO DE AMPLIACION, REMODELACION Y REFUNCIONALIZACION DEL CASINO DE MENDOZA.;CD;R ;PD;14/09/2009
;http://www.hcdmza.gov.ar/proy/viewer.php?nro=53642;53642;ARENAS,DIEGO;   ;SOLICITANDO AL PODER EJECUTIVO, QUE A TRAVES DE LA DIRECCION GENERAL DE ESCUELAS, INFORME SOBRE DIVERSOS PUNTOS REFERIDOS A LA CONSTRUCCION DE LA E.E.T. N� 4-203, COLONIA LAS ROSAS, DISTRITO COLONIA LAS ROSAS, DEPARTAMENTO TUNUYAN.;CD;R ;PD;14/09/2009
;http://www.hcdmza.gov.ar/proy/viewer.php?nro=53640;53640;ARENAS,DIEGO;   ;SOLICITANDO AL PODER EJECUTIVO, QUE A TRAVES DE LA SECRETARIA DE MEDIO AMBIENTE, INFORME LA SITUACION DE LOS MUNICIPIOS DE LA PROVINCIA A LOS TERMINOS DE LO DISPUESTO POR LA LEY N� 5.970 - ERRADICACION DE  BASURALES Y MICROBASURALES-.;CD;R ;PD;14/09/2009
;http://www.hcdmza.gov.ar/proy/viewer.php?nro=53643;53643;ARENAS,DIEGO;   ;SOLICITANDO AL PODER EJECUTIVO, QUE A TRAVES DE LA DIRECCION GENERAL DE ESCUELAS, INFORME SOBRE DIVERSOS PUNTOS REFERIDOS A LA CONSTRUCCION DE LA E.E.T. N� 4-194 NUEVA CALIFORNIA, DEPARTAMENTO SAN MARTIN.;CD;R ;PD;14/09/2009
;http://www.hcdmza.gov.ar/proy/viewer.php?nro=53644;53644;ARENAS,DIEGO;   ;SOLICITANDO AL PODER EJECUTIVO, QUE A TRAVES DE LA DIRECCION GENERAL DE ESCUELAS, INFORME SOBRE DIVERSOS PUNTOS REFERIDOS A LA CONSTRUCCION DE LA E.E.T.  A/C N� 4-000 S/N, DISTRITO CORDON DEL PLATA, DEPARTAMENTO TUPUNGATO.;CD;R ;PD;14/09/2009
;http://www.hcdmza.gov.ar/proy/viewer.php?nro=53663;53663;ARENAS,DIEGO;DALLA CIA   ;SOLICITANDO AL PODER EJECUTIVO, QUE A TRAVES DE LA DIRECCION GENERAL DE ESCUELAS, INFORME LA CANTIDAD ESCUELAS QUE POSEEN LETRINAS Y SI EXISTE UN PLAN DE REEMPLAZO DE LAS LETRINAS POR INODOROS.;CD;R ;PD;15/09/2009
;http://www.hcdmza.gov.ar/proy/viewer.php?nro=53662;53662;ARENAS,DIEGO;   ;EXPRESANDO EL DESEO QUE LA DIRECCION GENERAL DE ESCUELAS, REALICE LOS TRAMITES PERTINENTES A LOS EFECTOS DE REEMPLAZAR LAS LETRINAS EXISTENTES POR INODOROS Y SUS RESPECTIVAS TABLAS, EN LO BA�OS DE LA ESCUELA N� 1-587 "BERTA GARCIA MORALES", DEPARTAMENTO GUAYMALLEN.;CD;D ;PD;15/09/2009
;http://www.hcdmza.gov.ar/proy/viewer.php?nro=53758;53758;ARENAS,DIEGO;   ;DECLARANDO DE INTERES DE ESTA H. CAMARA DE DIPUTADOS, EL TORNEO INTERNACIONAL DE PROFESIONALES DE GOLF DENOMINADO (YPF CLASIC), A REALIZARSE EN NUESTRA PROVINCIA EN LA SEDE DEL GOLF CLUB ANDINO, LOS DIAS 1, 2, 3 Y 4 DE OCTUBRE DE 2.009.;CD;R ;PD;24/09/2009
;http://www.hcdmza.gov.ar/proy/viewer.php?nro=53782;53782;ARENAS,DIEGO;SANCHEZ A.   ;INVITANDO AL FISCAL DE ESPECIAL A REUNION DE LA COMISION DE DERECHOS Y GARANTIAS CONSTITUCIONALES, PETICIONES Y PODERES, A FIN DE QUE RELATE LOS HECHOS Y CIRCUNSTANCIAS VINCULADAS AL ALLANAMIENTO SOLICITADO POR LA SRA. FISCAL SUSTITUTO DE LA FISCALIA DE INSTRUCCION N� 19 DE LA UNIDAD FISCAL DE CAPITAL, REALIZADO EL DIA 23-09-09.;CD;R ;PD;25/09/2009
;http://www.hcdmza.gov.ar/proy/viewer.php?nro=53795;53795;ARENAS,DIEGO;   ;MODIFICANDO EL ART. 114 DE LA LEY 6.082 -CONDUCIR EN ESTADO DE INTOXICACION ALCOHOLICA, POR ESTUPEFACIENTES O CUALQUIER OTRA SUSTANCIA-.;CD;L ;PD;29/09/2009
;http://www.hcdmza.gov.ar/proy/viewer.php?nro=53859;53859;ARENAS,DIEGO;TANUS   ;DECLARANDO DE INTERES DE ESTA H. CAMARA LA 34� EDICION DEL ENCUENTRO INFANTIL DE RUGBY "MAXIMO NAVESI",  ORGANIZADO POR MARISTA RUGBY CLUB, A REALIZARSE LOS DIAS 3, 4, 10 Y 11 DE OCTUBRE DE 2.009, EN LA SEDE DEL CLUB UBICADA EN CALLE TERRADA S/N, CARRODILLA, DEPARTAMENTO LUJAN DE CUYO.;CD;R ;PD;30/09/2009
;http://www.hcdmza.gov.ar/proy/viewer.php?nro=54019;54019;ARENAS,DIEGO;   ;REPUDIANDO LAS EXPRESIONES VERBALES REALIZADAS POR EL ENTRENADOR DE LA SELECCION ARGENINA DE FUTBOL, PRODUCIDAS AL TERMINO DEL PARTIDO CON LA SELECCION URUGUAYA.;CD;R ;PD;16/10/2009
;http://www.hcdmza.gov.ar/proy/viewer.php?nro=54136;54136;ARENAS,DIEGO;   ;SOLICITANDO A LA OBRA SOCIAL DE EMPLEADOS PUBLICOS INFORME SOBRE LA RESOLUCION TOMADA CON RESPECTO A LOS PLANES ESPECIALES Y OTROS SERVICIOS PARA LOS ENFERMOS CRONICOS EN LA PROVINCIA.;CD;R ;PD;27/10/2009
;http://www.hcdmza.gov.ar/proy/viewer.php?nro=54328;54328;ARENAS,DIEGO;   ;DECLARANDO DE INTERES DE ESTA H. CAMARA EL 1� CONGRESO INTERNACIONAL DE OPTICA Y CONTACTOLOGIA DEL OESTE ARGENTINO (C.O.C.O.A.), A REALIZARSE EN LA PROVINCIA LOS DIAS 23, 24 Y 25 DE ABRIL DE 2.010, EN LAS INSTALACIONES DEL HOTEL SHERATON DE MENDOZA.;CD;D ;PD;10/11/2009
;http://www.hcdmza.gov.ar/proy/viewer.php?nro=54391;54391;ARENAS,DIEGO;   ;SOLICITANDO AL  MINISTERIO DE DE INFRAESTRUCTURA, VIVIENDA Y TRANSPORTE, INFORME SOBRE PUNTOS VARIOS REFERIDOS A LA CONSTRUCCION DEL DENOMINADO FERROTRANVIA URBANO.;CD;R ;PD;16/11/2009
;http://www.hcdmza.gov.ar/proy/viewer.php?nro=54392;54392;ARENAS,DIEGO;   ;EXPRESANDO EL DESEO QUE LA DIRECCION NACIONAL DE VIALIDAD ARBITRE LOS MEDIOS NECESARIOS PARA PROCEDER A LA DEMARCACION HORIZONTAL DE LA RUTA 7 DESDE LA INTERSECCION CON LA RUTA 40 HASTA EL LIMITE CON LA REPUBLICA DE CHILE.;CD;D ;PD;16/11/2009
;http://www.hcdmza.gov.ar/proy/viewer.php?nro=54462;54462;ARENAS,DIEGO;   ;EXPRESANDO EL DESEO QUE EL PODER EJECUTIVO SOLICITE UNA AUDIENCIA A LA SE�ORA PRESIDENTE DE LA NACION, A LOS EFECTOS DE TRATAR EN CONJUNTO CON LEGISLADORES PROVINCIALES LA PROBLEMATICA DE LAS EXPORTACIONES A BRASIL.;CD;D ;PD;23/11/2009
;http://www.hcdmza.gov.ar/proy/viewer.php?nro=54503;54503;ARENAS,DIEGO;   ;SOLICITANDO A LA OBRA SOCIAL DE EMPLEADOS PUBLICOS REMITA COPIA DE LAS PLANILLAS DE LIQUIDACION DE HABERES CORRESPONDIENTES A LOS MESES DE JUNIO, PRIMER SUELDO ANUAL COMPLEMENTARIO, JULIO, AGOSTO, SETIEMBRE Y OCTUBRE DE 2.009 DE TODO EL PERSONAL DE DICHA OBRA SOCIAL.;CD;R ;PD;25/11/2009
;http://www.hcdmza.gov.ar/proy/viewer.php?nro=54874;54874;ARENAS,DIEGO;   ;EXPRESANDO EL DESEO QUE EL PODER EJECUTIVO DISPONGA EL ENVIO A LA REPUBLICA DE HAITI DE PERSONAL ESPECIALIZADO Y CAPACITADO DE LA DIRECCION DE DEFENSA CIVIL Y DE BOMBEROS DE LA POLICIA DE MENDOZA, COMO CONSECUENCIA DE LOS DA�OS PRODUCIDOS POR EL TERREMOTO OCURRIDO EL DIA 12 DE ENERO DE 2.010.;CD;D ;PD;18/01/2010
;http://www.hcdmza.gov.ar/proy/viewer.php?nro=55134;55134;ARENAS,DIEGO;   ;EXPRESANDO EL DESEO QUE EL PODER EJECUTIVO DISPONGA EL ENVIO A LA REPUBLICA DE CHILE DE PERSONAL ESPECIALIZADO Y CAPACITADO, PARA DESEMPE�AR TAREAS DE RESCATE Y ASISTENCIA AL PUEBLO CHILENO, COMO CONSECUENCIA DE LOS DA�OS PRODUCIDO POR EL TERREMOTO EL DIA 27 DE FEBRERO DE 2.010.;CD;D ;PD;01/03/2010
;http://www.hcdmza.gov.ar/proy/viewer.php?nro=55320;55320;ARENAS,DIEGO;   ;SOLICITANDO A LA DIRECCION DE VIAS Y MEDIOS DE TRANSPORTE INFORME SOBRE SI A LA FECHA ESTA IMPLEMENTADO EL ABONO INTERLINEAS EN LA ZONA ESTE Y EN EL VALLE DE UCO, EN LOS ABONOS PERSONALES, UNIVERSITARIOS, DOCENTES, SECUNDARIOS Y PRIMARIOS DE LA PROVINCIA.;CD;R ;PD;19/03/2010
;http://www.hcdmza.gov.ar/proy/viewer.php?nro=55402;55402;ARENAS,DIEGO;   ;SOLICITANDO EL DESARCHIVO DEL EXPEDIENTE N� 42712/06, PROYECTO DE LEY DEL DIPUTADO ARENAS, ESTABLECIENDO QUE EL PODER EJECUTIVO CONVOCARA A ELECCIONES DE GOBERNADOR Y VICEGOBERNADOR, DIPUTADOS Y SENADORES EN FECHA DISTINTA A LAS QUE FIJE EL PODER EJECUTIVO NACIONAL PARA CARGOS NACIONALES.;CD;R ;PD;30/03/2010
;http://www.hcdmza.gov.ar/proy/viewer.php?nro=55403;55403;ARENAS,DIEGO;   ;INVITANDO AL MINISTRO DE GOBIERNO, JUSTICIA Y DERECHOS HUMANOS A LA COMISION DE LABOR PARLAMENTARIA A EFECTOS DE QUE INFORME SOBRE LA SITUACION DEL INTENDENTE DE SANTA ROSA.;CD;R ;PD;30/03/2010
;http://www.hcdmza.gov.ar/proy/viewer.php?nro=55507;55507;ARENAS,DIEGO;   ;SOLICITANDO INFORMES RESPECTO A LAS INSTALACIONES DE LA CANCHA AUXILIAR DEL ESTADIO ISLAS MALVINAS.;CD;R ;PD;13/04/2010
;http://www.hcdmza.gov.ar/proy/viewer.php?nro=55506;55506;ARENAS,DIEGO;   ;DECLARANDO DE INTERES DE LA H. CAMARA EL PROGRAMA RADIAL " MEJOR HABLAR DE CIERTAS COSAS".;CD;R ;PD;13/04/2010
