;http://www.hcdmza.gov.ar/proy/viewer.php?nro=25168;25168;ARMAGNAGUE,FERNANDO;BRUNI MANZITTI  ;MODIFICANDO EL ART. 9 DE LA LEY 4969;CD;L ;PR;09/02/2000
;http://www.hcdmza.gov.ar/proy/viewer.php?nro=25169;25169;ARMAGNAGUE,FERNANDO;BRUNI MANZITTI  ;INCORPORANDO UN APARTADO ALART. 146 DEL CODIGO PROCESAL CIVIL;CD;L ;PR;09/02/2000
;http://www.hcdmza.gov.ar/proy/viewer.php?nro=25208;25208;ARMAGNAGUE,FERNANDO;BRUNI MANZITTI  ;SOLICITANDO AL DPTO. GRAL. DE IRRIGACION INFORME SOBRE LOSPRESUPUESTOS 1998 Y 1999 Y SUS RENDICIONES DE CUENTAS;CD;R ;PR;15/02/2000
;http://www.hcdmza.gov.ar/proy/viewer.php?nro=25209;25209;ARMAGNAGUE,FERNANDO;BRUNI MANZITTI  ;INCORPORANDO PARRAFOS EN EL ART. 9 IN FINE, DE LA LEY 6361;CD;L ;PR;16/02/2000
;http://www.hcdmza.gov.ar/proy/viewer.php?nro=25399;25399;ARMAGNAGUE,FERNANDO;RODRIGUEZ BRUNI  ;SOLICITANDO AL PE DECLARE DE INTERES PCIAL. LAS ACTIVIDADESA DESARROLLARSE EN LA PCIA. CON MOTIVO DEL CAMPEONATO MUNDIAL JUVENIL DE FUTBOL SUB 21 EN EL 2000;CD;R ;PR;15/03/2000
;http://www.hcdmza.gov.ar/proy/viewer.php?nro=25449;25449;ARMAGNAGUE,FERNANDO;PEREZ_BOTTI NIETO E.  ;DESIGNANDO COMO TRIBUNA VICTOR ANTONIO LEGROTAGLIE, A LAUBICADA EN EL SECTOR OESTE DEL ESTADIO MALVINAS ARGENTINAS;CD;L ;PA;21/03/2000
;http://www.hcdmza.gov.ar/proy/viewer.php?nro=25450;25450;ARMAGNAGUE,FERNANDO;BRUNI MANZITTI ESCAYOLA ;ESTABLECIENDO LA LEY DE ETICA EN EJERCICIO DE LA FUNCIONPUBLICA;CD;L ;PA;21/03/2000
;http://www.hcdmza.gov.ar/proy/viewer.php?nro=25577;25577;ARMAGNAGUE,FERNANDO;RODRIGUEZ ZICATO MANZITTI CENTENO;ESTABLECIENDO QUE TODOS LOS FONDOS PUBLICOS DEBERAN SERINVERTIDOS EN EL BANCO DE LA NACION ARGENTINA;CD;L ;PA;05/04/2000
;http://www.hcdmza.gov.ar/proy/viewer.php?nro=25576;25576;ARMAGNAGUE,FERNANDO;RUGGERI NIETO D. MANZITTI ESCAYOLA;SOLICITANDO PEN QUE EN FUTUROS PROYECTOS DE PRESUPUESTO, SEINCLUYAN LA OBLIGACION EXPRESA DE TODA ADMINISTRACIONCENTRALIZADA Y DESCENT. DE DEPOSITAR FONDOS BCOS. OFICIALES;CD;R ;PA;05/04/2000
;http://www.hcdmza.gov.ar/proy/viewer.php?nro=25723;25723;ARMAGNAGUE,FERNANDO;PEREZ_BOTTI AGUINAGA MANZITTI NIETO E.;DESIGNANDO DRES. FELMAN, SANTAMARIA Y CALVENTE, ASESORESDE LA COMISION  AD-HOC QUE SE ENCARGARA DE  ELABORAR UNTEXTO DEL PROY. LEY MOD. CODIGO PROCESAL LABORAL;CD;R ;PA;25/04/2000
;http://www.hcdmza.gov.ar/proy/viewer.php?nro=25996;25996;ARMAGNAGUE,FERNANDO;BRUNI LIBERAL  ;SOLICITANDO EPRE INFORME SOBRE PARTICIPACIONES ACCIONARIASQUE EN LOS ULTIMOS 5 ANOS HA TENIDO LA EMPRESA ELECTRICITIDE FRANCE;CD;R ;PA;23/05/2000
;http://www.hcdmza.gov.ar/proy/viewer.php?nro=25995;25995;ARMAGNAGUE,FERNANDO;BRUNI LIBERAL  ;SOLICITANDO EPRE INFORME SOBRE AUMENTOS TARIFARIOS Y CONTROLDE LA  CONCESION DE EDEMSASA;CD;R ;PA;23/05/2000
;http://www.hcdmza.gov.ar/proy/viewer.php?nro=25994;25994;ARMAGNAGUE,FERNANDO;BRUNI LIBERAL  ;SOLICITANDO A EDEMSA INFORME SOBRE DESPIDOS DE PERSONAL;CD;R ;PA;23/05/2000
;http://www.hcdmza.gov.ar/proy/viewer.php?nro=25991;25991;ARMAGNAGUE,FERNANDO;BRUNI LIBERAL  ;SOLICITANDO DIR. DE PERSONAS JURIDICAS INFORME SOBRE PUNTOSREFERIDOS AA LA UNION VECINAL 14 DE MAYO;CD;R ;PA;23/05/2000
;http://www.hcdmza.gov.ar/proy/viewer.php?nro=25999;25999;ARMAGNAGUE,FERNANDO;   ;CREANDO COMISION INVESTIGADORA SOBRE CONDUCTAS MONOPOLICASEN EL MERCADO ELECTRICO;CD;R ;PA;24/05/2000
;http://www.hcdmza.gov.ar/proy/viewer.php?nro=26100;26100;ARMAGNAGUE,FERNANDO;BRUNI MONTANO  ;CREANDO UNA COMISION INVESTIGADORA DE LA ELECCION DELEGADOSY AUTORIDADES DEL  CANAL VERTIENTE CORRALITOS DEPENDIENTEDEL DEPTO. GRAL. IRRIGACION;CD;R ;PA;06/06/2000
;http://www.hcdmza.gov.ar/proy/viewer.php?nro=26110;26110;ARMAGNAGUE,FERNANDO;MANZITTI   ;SOLICITANDO PE INFORME SOBRE OBRAS A CONCRETARSE EN ESTADIOPROVINCIAL "MALVINAS ARGENTINAS", DESTINADAS A LA ORGANIZAC.DEL CAMPEONATO MUNDIAL SUB-20 A REALIZARSE EN EL 2001;CD;R ;PA;07/06/2000
;http://www.hcdmza.gov.ar/proy/viewer.php?nro=26111;26111;ARMAGNAGUE,FERNANDO;MANZITTI   ;QUE PE ASEGURE QUE LA FACULTAD DE DERECHOS DE LA U.N.C. NOSERA DESALOJADA DE LAS INSTALACIONES DEL ESTADIO PROVINCIAL"MALVINAS ARGENTINAS";CD;D ;PA;07/06/2000
;http://www.hcdmza.gov.ar/proy/viewer.php?nro=26502;26502;ARMAGNAGUE,FERNANDO;NIETO E. AGUINAGA MANZITTI PELTIER;ESTABLECIENDO EL CODIGO DE PROCEDIMIENTOS MINEROS;CD;L ;PA;09/08/2000
;http://www.hcdmza.gov.ar/proy/viewer.php?nro=26533;26533;ARMAGNAGUE,FERNANDO;AGUINAGA MANZITTI PEREZ BOTTI MOA;DECLARANDO LA NECESIDAD DE LA REFORMA PARCIAL DE LACONSTITUCION PROVINCIAL;CD;L ;PA;14/08/2000
;http://www.hcdmza.gov.ar/proy/viewer.php?nro=26655;26655;ARMAGNAGUE,FERNANDO;MOA   ;QUE EL PE DECLARE DE INTERES PCIAL. LAS PRIMERAS JORNADAS DEINTEGRACION Y RECREACION PARA NINOS ASISTENTES A JARDINESMATERNALES;CD;D ;PA;30/08/2000
;http://www.hcdmza.gov.ar/proy/viewer.php?nro=26826;26826;ARMAGNAGUE,FERNANDO;BRUNI MOA ZICATO ;CREANDO REGISTRO UNO DE BENEFICIARIOS DE PLANES SOCIALES YPRESTACIONES ASISENCIALES EN LA PROVINCIA;CD;L ;PA;21/09/2000
;http://www.hcdmza.gov.ar/proy/viewer.php?nro=26858;26858;ARMAGNAGUE,FERNANDO;MANZITTI PELTIER VILLANUEVA ;SOLICITANDO A LOS PODERES EJECUTIVOS Y LEGISLATURAS DE MENDOZA Y SAN JUAN UNA REUNION A EFECTOS DE IMPLEMENTAR ESTRATEGIA VITIVINICOLA COMUN A FIN DE ANALIZAR CAIDA CONSUMO DE VINO;CD;R ;PA;27/09/2000
;http://www.hcdmza.gov.ar/proy/viewer.php?nro=26964;26964;ARMAGNAGUE,FERNANDO;CICCITTI LIBERAL BRUNI CARRASCO;SOLICITANDO TRIBUNAL DE CUENTAS Y A FISCALIA DE ESTADOINVESTIGUEN EJECUCION DEL CONTRATO DE CONSTRUCCION,MANTENIMIENTO Y OPERACION DE LA CENTRAL NIHUIL IV;CD;R ;PA;10/10/2000
;http://www.hcdmza.gov.ar/proy/viewer.php?nro=26990;26990;ARMAGNAGUE,FERNANDO;   ;SOLICITANDO DEPTO. GRAL. IRRIGACION INFORME SOBRE MEDIDAS DECONTROL RESPECTO A LA CONTAMINACION DE LOS ACUIFEROS EN LAZONA DE EL CARRIZAL;CD;R ;PA;17/10/2000
;http://www.hcdmza.gov.ar/proy/viewer.php?nro=26991;26991;ARMAGNAGUE,FERNANDO;   ;SOLICITANDO A LA DCCION. DE DEFENSA AL CONSUMIDOR Y LA COMPETENCIA INFORMEN SOBRE DIFERENCIA DE PRECIOS DE PROD. DE LA SCANASTA FLIAR. ENTRE SUPERMERCADOS Y COMERCIOS TRADICIONALES;CD;R ;PA;17/10/2000
;http://www.hcdmza.gov.ar/proy/viewer.php?nro=27106;27106;ARMAGNAGUE,FERNANDO;   ;ESTABLECIENDO QUE EL ORGANO DIRECTIVO DE ENTES CONTROLADORESY REGULADORES DE SERVICIOS PUBLICOS O CONCESIONES DE O.P.DEBE ESTAR INTEGRADO POR USUARIOS DEL SERVICIO U OBRA;CD;L ;PA;31/10/2000
;http://www.hcdmza.gov.ar/proy/viewer.php?nro=27277;27277;ARMAGNAGUE,FERNANDO;   ;DESIGNANDO CON EL NOMBRE DE "DOCENTE ROSALBA PUIGDENGOLAS DELACIAR"  A LA ESCUELA NRO. 0-010 DE SAN RAFAEL;CD;L ;PA;27/11/2000
;http://www.hcdmza.gov.ar/proy/viewer.php?nro=27267;27267;ARMAGNAGUE,FERNANDO;   ;SOLICITANDO EPRE INFORME SOBRE PROPUESTAS DE NUEVOS CUADROSTARIFARIOS SOLICITADOS POR EDEMSA;CD;R ;PA;27/11/2000
;http://www.hcdmza.gov.ar/proy/viewer.php?nro=27481;27481;ARMAGNAGUE,FERNANDO;   ;SOLICITANDO EMPRESA CONCESIONARIA CAMINOS DEL OESTE S.A.INFORME SOBRE PUNTOS EN RELACION AL ACCIDENTE OCURRIDO ENRUTA NACIONAL 7;CD;R ;PA;02/01/2001
;http://www.hcdmza.gov.ar/proy/viewer.php?nro=27696;27696;ARMAGNAGUE,FERNANDO;   ;SOLICITANDO PE Y EPRE INFORMEN SOBRE INTEGRANTES DE LACOMISION PARA TRANSF. SECTOR ELECTRICO Y COMISION PREADJUD.LICITACION DE EDEMSA;CD;R ;PA;20/02/2001
;http://www.hcdmza.gov.ar/proy/viewer.php?nro=27718;27718;ARMAGNAGUE,FERNANDO;BRUNI MANZITTI  ;PROHIBIENDO SE AUTORICE LA INSTALACION, HABILITACION O AMPLIACION DE ESTABLECIMIENTOS COMERCIALES, CON SUPERFICIES MAYORES DE 2000 METROS EN ZONAS CON MENOS DE 150.000 HABITANTES;CD;L ;PA;26/02/2001
;http://www.hcdmza.gov.ar/proy/viewer.php?nro=27719;27719;ARMAGNAGUE,FERNANDO;ABDALA MANZITTI  ;ESTABLECIENDO QUE EL PE PROMOVERA Y ASEGURARA LA TRANSPARENCIA Y SIMPLIFICACION DE LOS USUARIOS DE TARJETAS DE CREDITODE COMPRA, Y TARJETAS DE DEBITOS;CD;L ;PA;26/02/2001
;http://www.hcdmza.gov.ar/proy/viewer.php?nro=27989;27989;ARMAGNAGUE,FERNANDO;MANZITTI PEREZ BOTTI AGUINAGA ;CREANDO EL REGIMEN DE LICENCIAS PARA MAGISTRADOS DEL PODERJUDICIAL Y FUNCIONARIOS QUE ESTEN EQUIPARADOS A LOS MAGISTRADOS;CD;L ;PA;10/04/2001
;http://www.hcdmza.gov.ar/proy/viewer.php?nro=28065;28065;ARMAGNAGUE,FERNANDO;   ;MODIFICANDO LA LEY DE AMPARO (2589 MODIFICADA POR LEY 6504);CD;L ;PA;24/04/2001
;http://www.hcdmza.gov.ar/proy/viewer.php?nro=28265;28265;ARMAGNAGUE,FERNANDO;BRUNI   ;SOLICITANDO D.G.E. ORGANICE EN TODOS LOS ESTABLECIMIENTOSTERCIARIOS DEPENDIENTES DE SU JURISDICCION, CICLOS DECONFERENCIAS A FIN DE INFORMAR SOBRE CONTENIDO LEY 6896;CD;R ;PA;23/05/2001
;http://www.hcdmza.gov.ar/proy/viewer.php?nro=28419;28419;ARMAGNAGUE,FERNANDO;MANZITTI   ;MODIFICANDO ART. 1 LEY 5607 -CONFLICTOS INTERADMINISTRATIVO-;CD;L ;PA;26/06/2001
;http://www.hcdmza.gov.ar/proy/viewer.php?nro=28433;28433;ARMAGNAGUE,FERNANDO;MANZITTI MOA  ;CONSTITUYENDO EL COLEGIO DE GEOGRAFOS PROFESIONALES DE LAPROVINCIA DE MENDOZA;CD;L ;PA;27/06/2001
;http://www.hcdmza.gov.ar/proy/viewer.php?nro=28434;28434;ARMAGNAGUE,FERNANDO;BRUNI MANZITTI PELTIER MOA;ESTABLECIENDO C/U CAMARAS, TENDRAN TODAS LAS FACULTADES YATRIBUCIONES PROPIAS DEL CUERPO QUE REPRESENTAN, SINPERJUICIO DE ESTABLECER EL ALCANCE DE LAS MISMAS;CD;L ;PA;27/06/2001
;http://www.hcdmza.gov.ar/proy/viewer.php?nro=28606;28606;ARMAGNAGUE,FERNANDO;   ;MODIFICANDO EL ART. 3 DE LA LEY 5374 -ANTITABAQUICA-;CD;L ;PA;31/07/2001
;http://www.hcdmza.gov.ar/proy/viewer.php?nro=28607;28607;ARMAGNAGUE,FERNANDO;BRUNI MONTANO  ;ESTABLECIENDO UN REGLAMENTO DE INFRAESTRUCTURA Y FUNCIONAMIENTO  DE LAS CONVENCIONES CONSTITUYENTES DE LA PROVINCIA;CD;L ;PA;31/07/2001
;http://www.hcdmza.gov.ar/proy/viewer.php?nro=28633;28633;ARMAGNAGUE,FERNANDO;   ;DEROGANDO INCS. B), I) Y L) ART. 185 CODIGO FISCAL Y MODIF.PLANILLA ANEXA AL ART. 3 LEY 6865 -IMPOSITIVA 2001-.;CD;L ;PA;01/08/2001
;http://www.hcdmza.gov.ar/proy/viewer.php?nro=28643;28643;ARMAGNAGUE,FERNANDO;   ;CREANDO EN EL AMBITO DE LA LEGISLATURA PCIAL. LA DEFENSORIADEL PUEBLO;CD;L ;PA;03/08/2001
;http://www.hcdmza.gov.ar/proy/viewer.php?nro=28647;28647;ARMAGNAGUE,FERNANDO;   ;DECLARANDO DE INTERES CULTURAL EL PERIODICO EL CONSTITUCIONAL;CD;R ;PA;03/08/2001
;http://www.hcdmza.gov.ar/proy/viewer.php?nro=28751;28751;ARMAGNAGUE,FERNANDO;MEARDI CARRASCO  ;SOLICITANDO DEP.GRAL.IRRIGACION INFORME SOBRE MEDIDAS TOMADAPARA CUMPLIR CON LAS DISPOSICIONES LEY 6819 Y LICITACIONPUBLICA PUBLICADA EN DIARIO LOS ANDES 21-08-01;CD;R ;PA;22/08/2001
;http://www.hcdmza.gov.ar/proy/viewer.php?nro=28749;28749;ARMAGNAGUE,FERNANDO;   ;ESTABLECIENDO QUE TODOS LOS HABITANTES DE LA PROVINCIATIENEN DERECHO A INFORMARSE ACCEDIENDO A FUENTES PUBLICAS DEINFORMACION;CD;L ;PA;22/08/2001
;http://www.hcdmza.gov.ar/proy/viewer.php?nro=28850;28850;ARMAGNAGUE,FERNANDO;MANZITTI ZICATO  ;ADHIRIENDO A LAS DISPOSICIONES DE LOS CAPITULOS I, II, IIIY IV Y ART. 32 LEY NACIONAL 25326 DE PROTECCION DE LOS DATOSPERSONALES;CD;L ;PA;05/09/2001
;http://www.hcdmza.gov.ar/proy/viewer.php?nro=29076;29076;ARMAGNAGUE,FERNANDO;   ;SOLICITANDO AL PE PROMUEVA ANTE LA SUPREMA CORTE DE JUSTICIA DE LA NACION ACCIONES DEMANDANDO LA INCONSTITUCIONALIDAD DEL TRIBUTO ESTABLECIDO POR LEY 23681, DEL SERVICIO ELECTRICO;CD;R ;PA;16/10/2001
;http://www.hcdmza.gov.ar/proy/viewer.php?nro=29127;29127;ARMAGNAGUE,FERNANDO;ABBONA ZICATO  ;INCORPORANDO UN PARRAFO A LOS ARTS. 78 Y 79 DEL CODIGOPROCESAL CIVIL (LEY 2266);CD;L ;PA;24/10/2001
;http://www.hcdmza.gov.ar/proy/viewer.php?nro=29208;29208;ARMAGNAGUE,FERNANDO;MANZITTI AGUINAGA  ;ESTABLECIENDO QUE LA PCIA. RETOMA LAS FACULTADES TRIBUTARIASQUE LE SON PROPIAS EN MATERIA DE CONTRIBUCIONES DIRECTAS ESTABLECIDAS POR LOS ARTS. 75, INC. 2 Y 121 DE LA CONST. PCIAL.;CD;L ;PA;02/11/2001
;http://www.hcdmza.gov.ar/proy/viewer.php?nro=29379;29379;ARMAGNAGUE,FERNANDO;CENTENO RODRIGUEZ ABDALA ;ESTABLECIENDO QUE LAS EMPESAS DE SERVICIOS PUBLICOS ESTANOBLIGADAS A RECIBIR, CON EFECTO CANCELATORIO LAS LECOP;CD;L ;PA;27/11/2001
;http://www.hcdmza.gov.ar/proy/viewer.php?nro=29478;29478;ARMAGNAGUE,FERNANDO;   ;DECLARANDO DE INTERES DE LA H. CAMARA EL III ENCUENTRO NACIONAL DE JOVENES PROFESORES DE DERECHO CONSTITUCIONAL;CD;R ;PA;12/12/2001
;http://www.hcdmza.gov.ar/proy/viewer.php?nro=29587;29587;ARMAGNAGUE,FERNANDO;   ;SOLICITANDO DEPTO. GRAL. IRRIGACION INFORME SOBRE PLANELABORADO PARA LA DISPONIBILIDAD DE AGUA PARA RIEGO EN LAZONA DE POTRERILLOS;CD;R ;PA;07/01/2002
;http://www.hcdmza.gov.ar/proy/viewer.php?nro=29594;29594;ARMAGNAGUE,FERNANDO;   ;SOLICITANDO PE SOLICITE A ADEMSA INFORME SOBRE CORTES DEENERGIA ELECTRICA EN DISTINTAS ZONAS DE MENDOZA;CD;R ;PA;08/01/2002
;http://www.hcdmza.gov.ar/proy/viewer.php?nro=29608;29608;ARMAGNAGUE,FERNANDO;   ;SOLICITANDO A FISCALIA DE ESTADO INFORME SOBRE CANTIDAD DEABOGADOS QUE FORMAN PARTE DE LA PLANTA PERMANENTE,TEMPORARIOY CONTRATADOS DE DICHO ORGANISMO;CD;R ;PS;09/01/2002
;http://www.hcdmza.gov.ar/proy/viewer.php?nro=29609;29609;ARMAGNAGUE,FERNANDO;   ;SOLICITANDO A ASESORIA DE GOBIERNO INFORME SOBRE CANTIDADDE ABOGAGOS QUE FORMAN PARTE DE LA PLANTA PERMANENTE,TEMPORARIOS Y CONTRATADOS DE DICHO ORGANISMO;CD;R ;PA;09/01/2002
;http://www.hcdmza.gov.ar/proy/viewer.php?nro=29613;29613;ARMAGNAGUE,FERNANDO;ABDALA RODRIGUEZ CENTENO NIETO D.;SUPRIMIENDO TODA LA PUBLICIDAD OFICIAL BAJO CUALQUIER DENOMINACION QUE FUERE DE LA ADMINIST. PUB., ORGANISMOS CENTRALIZ.Y DESCENTRALIZ.;CD;L ;PA;11/01/2002
;http://www.hcdmza.gov.ar/proy/viewer.php?nro=29705;29705;ARMAGNAGUE,FERNANDO;MONTANO MANZITTI  ;CREANDO UNA COMISION INVESTIGADORA SOBRE EL APAGON QUE SE PRODUJO EL DIA 19 DEL CORRIENTE;CD;R ;PA;24/01/2002
;http://www.hcdmza.gov.ar/proy/viewer.php?nro=29713;29713;ARMAGNAGUE,FERNANDO;   ;SOLICITANDO A LOS MINIST. DE AMBIENTE Y OP Y DE DESARROLLOSOCIAL Y SALUD INFORMEN SOBRE DIVERSOS PUNTOS RELACIONADOSCON LA TELEFONIA MOVIL;CD;R ;PA;28/01/2002
;http://www.hcdmza.gov.ar/proy/viewer.php?nro=29728;29728;ARMAGNAGUE,FERNANDO;   ;SOLICITANDO AL MINIST. DE AMBIENTE Y OP. Y A OSM SA INFORMESOBRE EL CUADRO TARIFARIO DEL SERVICIO DE AGUA CORRIENTE YCLOACA EN LUJAN DE CUYO;CD;R ;PA;29/01/2002
;http://www.hcdmza.gov.ar/proy/viewer.php?nro=29796;29796;ARMAGNAGUE,FERNANDO;MANZITTI ABDALA CICCHITTI MOA;DECLARANDO LA NECESIDAD DE LA REFORMA PARCIAL DE LA CONSTITUCION PROVINCIAL;CD;L ;PA;05/02/2002
;http://www.hcdmza.gov.ar/proy/viewer.php?nro=29784;29784;ARMAGNAGUE,FERNANDO;MOA   ;SOLICITANDO AL DPTO. GRAL. DE IRRIGACION INFORME SOBRE VARIOPUNTOS REFERIDOS AL CANAL SANTA TERESA DE LOS CORRALITOS;CD;R ;PA;05/02/2002
;http://www.hcdmza.gov.ar/proy/viewer.php?nro=29858;29858;ARMAGNAGUE,FERNANDO;NIETO D.   ;PRORROGANDO EL PLAZO ESTIPULADO EN EL ART. 1 LEY 6912 HASTAEL 31-03-02;CD;L ;PA;20/02/2002
;http://www.hcdmza.gov.ar/proy/viewer.php?nro=29945;29945;ARMAGNAGUE,FERNANDO;   ;ESTABLECIENDO QUE LAS LETRAS DE TESORERIA DENOMINADA PETROM,SERAN  COTIZABLES EN LA BOLSA DE VALORES DE MENDOZA;CD;L ;PA;12/03/2002
;http://www.hcdmza.gov.ar/proy/viewer.php?nro=29952;29952;ARMAGNAGUE,FERNANDO;   ;APOYANDO LA DETERMINACION DEL PE DE MANTENER LA EMISION DELOS PETROM DISPUESTO POR LEY 6982;CD;R ;PA;12/03/2002
;http://www.hcdmza.gov.ar/proy/viewer.php?nro=29948;29948;ARMAGNAGUE,FERNANDO;MANZITTI   ;AMPLIANDO LA COMPETENCIA MATERIAL Y TERRITORIAL DE LOSTRIBUNALES PENALES DE MENORES;CD;L ;PA;12/03/2002
;http://www.hcdmza.gov.ar/proy/viewer.php?nro=29969;29969;ARMAGNAGUE,FERNANDO;   ;CUESTION PRIVILEGIO RESPECTO DEL SR. JOSE POQUET, DIRIGENTEUNION COMERCIAL E INDUSTRIAL DE MZA. (U.C.I.M.) DE CONFORM.NORMADO ART. 113, INC. 6) REGLAMENTO INTERNO;CD;R ;PA;13/03/2002
;http://www.hcdmza.gov.ar/proy/viewer.php?nro=30004;30004;ARMAGNAGUE,FERNANDO;   ;SOLICITANDO CORTE JUSTICIA INFORME SOBRE SI SE HA DADOCUMPLIMIENTO A LA LEY 18535 DE AREAS DE FRONTERAS, RESPECTOOPERACION DE COMPRA VENTA EN ZONAS LIMITROFES;CD;R ;PA;19/03/2002
;http://www.hcdmza.gov.ar/proy/viewer.php?nro=30003;30003;ARMAGNAGUE,FERNANDO;   ;SOLICITANDO FISCAL ESTADO INFORME SOBRE LA VENTA DE LOSTERRENOS EN MALARGUE A EMPRESARIOS DE ORIGEN MALAYOS;CD;R ;PA;19/03/2002
;http://www.hcdmza.gov.ar/proy/viewer.php?nro=30054;30054;ARMAGNAGUE,FERNANDO;   ;MODIFICANDO ART. 7 LEY 6978 -LEY DE SUELDOS-;CD;L ;PA;26/03/2002
;http://www.hcdmza.gov.ar/proy/viewer.php?nro=30201;30201;ARMAGNAGUE,FERNANDO;   ;MODIFICANDO EL ART. 165, INC. A) DEL DECRETO 867, REGLAMENTARIO DE LA LEY 6982, (ELEVANDO HASTA LOS 5 ANOS EL PERMISO DE VIAJAR GRATIS EN EL SISTEMA PUBLICO DE PASAJEROS);CD;L ;PA;22/04/2002
;http://www.hcdmza.gov.ar/proy/viewer.php?nro=30300;30300;ARMAGNAGUE,FERNANDO;   ;SOLICITANDO INFORMES AL PE SOBRE LA SITUACION DE LOS ABOGADOQUE TIENEN A SU CARGO LAS DEFENSAS DE LOS PROCESOS JUDICIALEEN DONDE SE ENCUENTRAN COMPROMETIDOS INTERESES PCIALES.;CD;R ;PA;07/05/2002
;http://www.hcdmza.gov.ar/proy/viewer.php?nro=30349;30349;ARMAGNAGUE,FERNANDO;   ;SOLICITANDO EPRE INFORME SOBRE VARIIOS PUNTOS REFERIDOS ACORTES DE LUZ OCURRIDOS EL 13-05-02;CD;R ;PA;14/05/2002
;http://www.hcdmza.gov.ar/proy/viewer.php?nro=30399;30399;ARMAGNAGUE,FERNANDO;   ;DISPONIENDO QUE EL IPV EXIJA A TODO SOLITANTE DE ADJUDICACIODE VIVIENDA O CREDITO PARA ACCEDER A LA MISMA LA ACEPTACIONDEL DEBITO AUTOMATICO EN LOS HABERES POR CODIGO DE DESCUENTO;CD;L ;PA;21/05/2002
;http://www.hcdmza.gov.ar/proy/viewer.php?nro=30400;30400;ARMAGNAGUE,FERNANDO;   ;PROHIBIENDO EN LA PCIA. LA DISCRIMINACION DE PERSONAS SOBRELA BASE DE INFORMACION GENETICA O SERVICIOS GENETICOS;CD;L ;PA;21/05/2002
;http://www.hcdmza.gov.ar/proy/viewer.php?nro=30474;30474;ARMAGNAGUE,FERNANDO;FIDEL BRUNI HABJAN MOA;ESTABLECIENDO QUE EL JUICIO POLITICO DEL CAPITULO VIII DE LACONSTITUCION PROVINCIAL, SE REGIRA POR LAS NORMAS CONTENIDASEN AQUELLA Y LAS ESTABLECIDAS EN LA PRESENTE LEY;CD;L ;PA;29/05/2002
;http://www.hcdmza.gov.ar/proy/viewer.php?nro=30497;30497;ARMAGNAGUE,FERNANDO;S   ;ESTABLECIENDO UNA QUITA DEL 50% DEL IMPUESTO INGRESOS BRUTOSPARA CONTRIBUYENTES QUE REALICEN INVERSIONES EN OBRAS DESISTEMATIZACION PARA LA CONDUCCION DE AGUAS, DESAGUES ETC.;CD;L ;PA;04/06/2002
;http://www.hcdmza.gov.ar/proy/viewer.php?nro=30664;30664;ARMAGNAGUE,FERNANDO;SUAREZ L.   ;CREANDO EN EL AMBITO DEL MINIST. DE ECONOMIA EL BANCO DE INFORMACION ESTRATEGICA Y TECONOLOGICA;CD;L ;PA;25/06/2002
;http://www.hcdmza.gov.ar/proy/viewer.php?nro=30698;30698;ARMAGNAGUE,FERNANDO;   ;FACULTANDO AL FONDO PARA LA TRANSFORMACION Y EL CRECIMIENTOA FINANCIAR LOS PROGRAMAS DEL ISCAMEN;CD;L ;PA;01/07/2002
;http://www.hcdmza.gov.ar/proy/viewer.php?nro=30850;30850;ARMAGNAGUE,FERNANDO;BRUNI   ;ESTABLECIENDO UN MARCO JURIDICO DE TRASLADO DE LOS MAGISTRADOS DEL PODER JUDICIAL DE LA PCIA.;CD;L ;PA;17/07/2002
;http://www.hcdmza.gov.ar/proy/viewer.php?nro=30903;30903;ARMAGNAGUE,FERNANDO;   ;SOLICITANDO AL MINIST. DE AMBIENTE Y OP INFORME SOBRE EL SEGURO CONTRA TERCEROS Y PERSONAS TRANSPORTADAS DE LOS VEHICULOS DE T RANSPORTE PUBLICO DE PASAJEROS;CD;R ;PA;23/07/2002
;http://www.hcdmza.gov.ar/proy/viewer.php?nro=31100;31100;ARMAGNAGUE,FERNANDO;   ;SOLICITANDO LIGA MENDOCINA DE FUTBOL ARBITRE MEDIDAS PARAQUE LOS TORNEOS LOCALES SE JUEGUEN CON PELOTAS FABRICADAS ENNUESTRO PAIS;CD;R ;PA;20/08/2002
;http://www.hcdmza.gov.ar/proy/viewer.php?nro=31167;31167;ARMAGNAGUE,FERNANDO;   ;SOLICITANDO MIN.AMB.O.P. INFORME SOBRE LAS EMPRESASPRESTATARIAS DEL SERVICIO ELECTRICO;CD;R ;PA;28/08/2002
;http://www.hcdmza.gov.ar/proy/viewer.php?nro=31243;31243;ARMAGNAGUE,FERNANDO;   ;SOLICITANDO AL MINIST. DE DESARR. SOCIAL Y SALUD IFNORME SOBRE EL CONTROL DE LOS MEDICAMENTOS QUE INGRESAN A LA PCIA.;CD;R ;PA;09/09/2002
;http://www.hcdmza.gov.ar/proy/viewer.php?nro=31286;31286;ARMAGNAGUE,FERNANDO;   ;QUE LA DIRECCION GRAL. DE ESCUELAS RESTITUYERA EL IDIOMAFRANCES EN LOS ESTABLECIMIENTOS DE ENSENANZA SECUNDARIA;CD;D ;PA;12/09/2002
;http://www.hcdmza.gov.ar/proy/viewer.php?nro=31356;31356;ARMAGNAGUE,FERNANDO;   ;ADHIRIENDO AL DIA INTERNACIONAL Y MUNDIAL DEL TURISMO A CELEBRARSE EL 27 DE SEPTIEMBRE DEL CORRIENTE;CD;D ;PA;23/09/2002
;http://www.hcdmza.gov.ar/proy/viewer.php?nro=31378;31378;ARMAGNAGUE,FERNANDO;   ;SOLICITANDO A LA LIGA MENDOCINA DE FUTBOL, GESTIONE QUE LOSTORNEOS LOCALES SE JUEGUE CON PELOTAS FABRICADAS EN EL PAIS;CD;R ;PA;24/09/2002
;http://www.hcdmza.gov.ar/proy/viewer.php?nro=31396;31396;ARMAGNAGUE,FERNANDO;CICCHITTI   ;ESTABLECIENDO QUE TODOS LO ABANDERADOS DE LAS ESCUELAS PODRAN SER NATIVOS O EXTRAJEROS;CD;L ;PA;24/09/2002
;http://www.hcdmza.gov.ar/proy/viewer.php?nro=31438;31438;ARMAGNAGUE,FERNANDO;   ;MODIFICANDO EL ART. 371, INC. 1), DEL CODIGO PROCESAL PENAL;CD;L ;PA;30/09/2002
;http://www.hcdmza.gov.ar/proy/viewer.php?nro=31487;31487;ARMAGNAGUE,FERNANDO;   ;SOLICITANDO A LA SUPREMA CORTE INFORME CUANTOS DEBATES ORALESE EFECTIVIZARONN POR PARTE DE LOS JUZGADOS CORRECCIONALESDURANTE 2001 Y 2002;D ;PA;02/10/2002
;http://www.hcdmza.gov.ar/proy/viewer.php?nro=31647;31647;ARMAGNAGUE,FERNANDO;NUNEZ RUGGERI  ;ESTABLECIENDO QUE LA PROVINCIA PERCIBIRA LOS CANONES PORINGRESOS QUE ABONAN LOS USUARIOS DE AUTOMOTORES QUE INGRESENA LA PLAYA DE ESTACIO. DEL AEROPUERTO FRANCISCO GABRIELLI;CD;L ;PA;22/10/2002
;http://www.hcdmza.gov.ar/proy/viewer.php?nro=31675;31675;ARMAGNAGUE,FERNANDO;   ;ESTABLECIENDO QUE LOS CONTRIBUYENTES DEL IMPUESTO SOBRE LOSINGRESOS BRUTOS QUE EFECTUEN APORTES Y/O DONACIONES A ENTID.DEPORTIVAS, PODRAN COMPUTAR COMO PAGO A CUENTA DEL TRIBUTO;CD;L ;PA;24/10/2002
;http://www.hcdmza.gov.ar/proy/viewer.php?nro=31733;31733;ARMAGNAGUE,FERNANDO;MONTANO RUGGERI MOA MEARDI;REPUDIANDO LA CLAUSULA ADICIONAL AL CONTRATO DE FABRICACIONDE UN REACTOR NUCLEAR PARA INSTALARSE EN AUSTRALIA,REALIZADO POR LA EMPRESA ARGENTINA INVAP.;CD;R ;PA;29/10/2002
;http://www.hcdmza.gov.ar/proy/viewer.php?nro=31750;31750;ARMAGNAGUE,FERNANDO;AGUINAGA PEREZ BOTTI  ;MODIFICANDO EL INC. A) DEL ART. 96 DE LA LEY 4976 -COLEGIA-CION LEGAL DE ABOGADOS Y PROCURADORES-;CD;L ;PA;30/10/2002
;http://www.hcdmza.gov.ar/proy/viewer.php?nro=31762;31762;ARMAGNAGUE,FERNANDO;RUGGERI NUNEZ  ;ESTABLECIENDO LAS DISPOSICIONES DE PROTECCION AMBIENTAL QUELA PROVINCIA EJERCE SOBRE LA GESTION INTEGRAL DE RESIDUOS DEORIGEN INDUSTRIAL;CD;L ;PA;31/10/2002
;http://www.hcdmza.gov.ar/proy/viewer.php?nro=31867;31867;ARMAGNAGUE,FERNANDO;   ;SOLICITANDO AL MINIST. DE AMBIENTE Y OP INFORME SOBRE LISTADO DE LAS MANIFESTACIONES GENERALES DE IMPACTO AMBIENTAL YAVISOS DE PROYECTOS DESDE ENERO DE 2001 HASTA LA FECHA;CD;R ;PA;02/11/2002
;http://www.hcdmza.gov.ar/proy/viewer.php?nro=32428;32428;ARMAGNAGUE,FERNANDO;   ;CREANDO EN EL AMBITO DE LA H. CAMARA UNA COMISION INVESTIGADORA DE CONTRATOS DE CONCESION DE O.S.M.;CD;R ;PR;04/02/2003
;http://www.hcdmza.gov.ar/proy/viewer.php?nro=32646;32646;ARMAGNAGUE,FERNANDO;   ;DECLARANDO INTERES PROVINCIAL EL 150 ANIVERSARIO DE LASANCION DE LA CONSTITUCION NACIONAL DE LA REPUBLICAARGENTINA DE 1853;CD;L ;PA;06/03/2003
;http://www.hcdmza.gov.ar/proy/viewer.php?nro=32808;32808;ARMAGNAGUE,FERNANDO;   ;DEROGANDO EL ART. 302 DE LA LEY 4362 -CODIGO FISCAL DE LAPROVINCIA-;CD;L ;PA;25/03/2003
;http://www.hcdmza.gov.ar/proy/viewer.php?nro=32809;32809;ARMAGNAGUE,FERNANDO;   ;DECLARANDO Y ESTABLECIENDO LA AUTONOMIA MUNICIPAL PARA LOSDPTOS. DE LA PCIA. SEGUN ART. 123 DE LA CONSTIT. NACIONAL;CD;L ;PA;25/03/2003
;http://www.hcdmza.gov.ar/proy/viewer.php?nro=33136;33136;ARMAGNAGUE,FERNANDO;   ;DECLARANDO DE INTERES DE LA H. CAMARA EL SEXTO ENCUENTRO DEINVESTIGADORES Y PROFES. ARG. DE LA CONSTRUCCION (6-EIPAC-03;CD;R ;PA;13/05/2003
;http://www.hcdmza.gov.ar/proy/viewer.php?nro=33185;33185;ARMAGNAGUE,FERNANDO;   ;MODIFICANDO EL INC. 3) DEL ART. 235 DEL CODIGO PROCESAL CIVI;CD;L ;PA;20/05/2003
;http://www.hcdmza.gov.ar/proy/viewer.php?nro=33193;33193;ARMAGNAGUE,FERNANDO;   ;AGREGANDO TEXTO AL ART. 97 DEL CODIGO PROCESAL CIVIL (LITIGAR SIN COSTO);CD;L ;PA;21/05/2003
;http://www.hcdmza.gov.ar/proy/viewer.php?nro=33278;33278;ARMAGNAGUE,FERNANDO;   ;SOLCITANDO AL SR. PRESIDENTE DE LA H. LEGISLATURA INFORME SOBRE EL DESTINO DE LOS ACCESORIOS Y ORNAMENTOS DEL RECINTO DE SESIONES QUE SE ENCONTRABAN PREVIO A SU REFACCION;CD;R ;PA;30/05/2003
;http://www.hcdmza.gov.ar/proy/viewer.php?nro=33667;33667;ARMAGNAGUE,FERNANDO;   ;SOLICITANDO AL SUPERINT. GRAL. DE IRRIGACION INFORME SOBRELA CONTAMINACION PETROLERA EN POZOS DE AGUA DE LA SUBCUENCAEL CARRIZAL;CD;R ;PA;22/07/2003
;http://www.hcdmza.gov.ar/proy/viewer.php?nro=33666;33666;ARMAGNAGUE,FERNANDO;   ;SOLICITANDO A LA SUBSEC. DE MEDIO AMBIENTE INFORME SOBRE LACONTAMINACION PETROLERA EN POZOS DE AGUA DE LA SUBCUENCA ELCARRIZAL;CD;R ;PA;22/07/2003
;http://www.hcdmza.gov.ar/proy/viewer.php?nro=33962;33962;ARMAGNAGUE,FERNANDO;   ;MODIFICANDO EL ART. 17 DE LA LEY 7005 -DE REGLAMENTACION DE CAMPA�AS POLITICAS-;CD;L ;PA;03/09/2003
;http://www.hcdmza.gov.ar/proy/viewer.php?nro=34072;34072;ARMAGNAGUE,FERNANDO;   ;SOLICITANDO AL PE INFORME SOBRE EL APAGON DEL DOMINGO PROXIMO PASADO;CD;R ;PA;16/09/2003
;http://www.hcdmza.gov.ar/proy/viewer.php?nro=34125;34125;ARMAGNAGUE,FERNANDO;   ;REPUDIANDO LA ACTITUD DEL PEN CON RESPECTO A LA INMUNIDAD OTORGADA A TROPAS EXTRANJERAS CON MOTIVO DEL EJERCICIO BELICO DENOMINADO AGUILA III;CD;R ;PA;22/09/2003
;http://www.hcdmza.gov.ar/proy/viewer.php?nro=34126;34126;ARMAGNAGUE,FERNANDO;   ;RECHAZANDO EL OTORGAMIENTO DEL CONGRESO DE LA NACION A T RAVES DE CUALQUIER TIPO DE NORMA, DE LA INMUNIDAD A LAS TROPAS EXTRANJERAS QUE PARTICIPARAN DEL AGUILA III;CD;R ;PA;22/09/2003
;http://www.hcdmza.gov.ar/proy/viewer.php?nro=34212;34212;ARMAGNAGUE,FERNANDO;   ;SOLICITANDO PE INFORME SOBRE DIVERSOS PUNTOS REFERIDOS A CONTRATOS Y LIQUIDACION DE REPSOL-YPF;CD;R ;PA;30/09/2003
;http://www.hcdmza.gov.ar/proy/viewer.php?nro=34294;34294;ARMAGNAGUE,FERNANDO;   ;ESTABLECIENDO QUE TODOS LOS ELEMENTOS DE MOBILIARIO URBANO INSTALADOS O A INSTALAR EN LA VIA PUBLICA, DEBERAN CONTAR CON UN ESPACIO MINIMO PARA LA IMAGEN DE NI�OS Y ADOLESCENTES BUSCADOS POR PARADERO DESCONOCIDO;CD;L ;PA;14/10/2003
;http://www.hcdmza.gov.ar/proy/viewer.php?nro=34295;34295;ARMAGNAGUE,FERNANDO;   ;CREANDO EN EL AMBITO DEL CONSEJO DE LA NI�EZ Y ADOLESCENCIA EL REGISTRO DE PUBLICACION Y BUSQUEDA DE CHICOS PERDIDOS;CD;L ;PA;14/10/2003
;http://www.hcdmza.gov.ar/proy/viewer.php?nro=34624;34624;ARMAGNAGUE,FERNANDO;   ;SOLICITANDO AL PE QUE INTERPONGA ANTE LA SUPREMA CORTE DE JUSTICIA DE LA NACION LAS ACCIONES JUDICIALES PARA PROTEGER LOS INTERESES DE LA PCIA. CON MOTIVO DE LA FIJACION DE PEAJES EN SAN LUIS;CD;D ;PR;02/12/2003
;http://www.hcdmza.gov.ar/proy/viewer.php?nro=34625;34625;ARMAGNAGUE,FERNANDO;   ;SOLICITANDO A LA SUPREMA CORTE INFORME SOBRE CANTIDAD DE EMPRESAS DE TRANSPORTE DE COLECTIVOS DE PASAJEROS SE ENCUENTRAN EN CONCURSO PREVENTIVO O QUIEBRA;CD;R ;PR;02/12/2003
;http://www.hcdmza.gov.ar/proy/viewer.php?nro=34774;34774;ARMAGNAGUE,FERNANDO;   ;EXPRESANDO EL REPUDIO DE ESTA H. CAMARA AL DECRETO 1295/03 DE NECESIDAD Y URGENCIA DEL PEN QUE ESTABLECE EL REGIMEN DE PROMOCION INDUSTRIAL PARA OTRAS PROVINCIAS;CD;R ;PR;29/12/2003
;http://www.hcdmza.gov.ar/proy/viewer.php?nro=34786;34786;ARMAGNAGUE,FERNANDO;   ;ESTABLECIENDO QUE EL GOBERNADOR Y DEMAS AUTORIDADES DEBERAN MENCIONAR EN UN LIBRO DE REGISTRO, QUE SE LLEVARA AL EFECTO, TODAS LAS AUDIENCIAS DIARIAS QUE TENGAN CON PERSONAS DE LA ACTIVIDAD PRIVADA, SEAN FISICAS O JURIDICAS, COMO ASI TAMBIEN LOS VIAJES AL EXTERIOR QUE REALICEN;CD;L ;PR;30/12/2003
;http://www.hcdmza.gov.ar/proy/viewer.php?nro=34925;34925;ARMAGNAGUE,FERNANDO;   ;SOLICITANDO AL PE INFORME SOBRE VARIOS PUNTOS RELACIONADOS CON LAS EMPRESAS DEL TRANSPORTE PUBLICO DE PASAJEROS;CD;R ;PR;03/02/2004
;http://www.hcdmza.gov.ar/proy/viewer.php?nro=34979;34979;ARMAGNAGUE,FERNANDO;   ;ENCOMENDANDO AL PE Y A LOS LEGISLADORES A REALIZAR UNA AMPLIA CAMPA�A DE DIFUSION DEL TEXTO DE LA CONSTITUCION PCIAL DE 1854;CD;R ;PR;09/02/2004
;http://www.hcdmza.gov.ar/proy/viewer.php?nro=35016;35016;ARMAGNAGUE,FERNANDO;   ;SOLICITANDO AL PE INFORME SOBRE EL MOTIVO POR EL CUAL LOS SEMAFOROS DE LA CALLE PASO DE LOS ANDES ENTRE EL ZANJON FRIAS HASTA JUAN B. JUSTO DE CIUDAD FUNCIONAN INTERMITENTEMENTE A PARTRI DE LAS 22HS;CD;R ;PR;10/02/2004
;http://www.hcdmza.gov.ar/proy/viewer.php?nro=35021;35021;ARMAGNAGUE,FERNANDO;   ;SOLICITANDO AL EPRE INFORME SOBRE LAS CAUSAS DEL PROLONGADO CORTE DE ENERGIA EN GUAYMALLEN EL 10-02-04;CD;R ;PR;11/02/2004
;http://www.hcdmza.gov.ar/proy/viewer.php?nro=35052;35052;ARMAGNAGUE,FERNANDO;   ;EXPRESANDO EL DESAGRADO DE ESTA H. CAMARA POR LA DESIGUALDAD EN LA ASIGNACION DE SUBSIDIOS POR PARTE DEL PRESIDENTE DE LA NACION;CD;R ;PR;16/02/2004
;http://www.hcdmza.gov.ar/proy/viewer.php?nro=35093;35093;ARMAGNAGUE,FERNANDO;NU�EZ   ;PROHIBIENDO LA VENTA Y O SUMINISTRO DE BEBIDAS ALCOHOLICAS DE CUALQUIER TIPO A PARTRI DE LAS 22 HS Y HASTA LAS 8,00 HS DEL DIA SIGUIENTE Y A MENORES DE 18 A�OS EN CUALQUIER HORA DEL DIA;CD;L ;PR;18/02/2004
;http://www.hcdmza.gov.ar/proy/viewer.php?nro=35169;35169;ARMAGNAGUE,FERNANDO;SUAREZ NU�EZ  ;ESTABLECIENDO QUE LA FUNDACION DE MEDICINA NUCLEAR DEBERA REALIZAR A LOS TRABAJADORES, EN FORMA GRATUITA, TODOS LOS ESTUDIOS SOLICITADOS POR LOS PERITOS MEDICOS DESIGNADOS EN JUICIOS LABORALES POR ACCIDENTES DE TRABAJO Y/O ENFERMEDADES PROFESIONALES;CD;L ;PR;24/02/2004
;http://www.hcdmza.gov.ar/proy/viewer.php?nro=35168;35168;ARMAGNAGUE,FERNANDO;   ;ASIGNANDO UNA PARTIDA AL CUERPO DE TRAQUIGRAFOS QUE PERMITA SOLVENTAR EL PAGO DE DOS (2) REMUNERACIONES MENSUALES DE LA CLASE 9, PARA LA INCORPORACION DE DOS (2) AUXILIARES TAQUIGRAFOS;CD;R ;PR;24/02/2004
;http://www.hcdmza.gov.ar/proy/viewer.php?nro=35844;35844;ARMAGNAGUE,FERNANDO;SUAREZ NIETO D. NU�EZ ;SUSPENDIENDO POR EL TERMINO DE 180 DIAS LOS CORTES DE LUZ QUE REALICE EDEMSA SA EN EL TERRITORIO PROVINCIAL;CD;L ;PR;27/04/2004
;http://www.hcdmza.gov.ar/proy/viewer.php?nro=36006;36006;ARMAGNAGUE,FERNANDO;VICCHI RODRIGUEZ ME NU�EZ ;CREANDO UN CODIGO PCIAL. DE IMPLEMENTACION DE LOS DERECHOS DE CONSUMIDORES Y USUARIOS;CD;L ;PR;12/05/2004
;http://www.hcdmza.gov.ar/proy/viewer.php?nro=36234;36234;ARMAGNAGUE,FERNANDO;   ;REFORMANDO EL CODIGO PROCESAL LABORAL;CD;L ;PR;01/06/2004
;http://www.hcdmza.gov.ar/proy/viewer.php?nro=36310;36310;ARMAGNAGUE,FERNANDO;   ;EXPRESANDO EL REPUDIO DE ESTA H. CAMARA POR EL INVIO DE TROPAS ARGENTINAS A LA REPUBLICA DE HAITI POR PARTE DEL PEN;CD;R ;PR;04/06/2004
;http://www.hcdmza.gov.ar/proy/viewer.php?nro=36515;36515;ARMAGNAGUE,FERNANDO;   ;ESTABLECIENDO LA CONSULTA POPULAR VINCULANTE PARA QUE LOS ELECTORES DE LA PCIA. SE PRONUNCIEN POR LA CONVENIENCIA O NO DE VOLVER A LA HORA OFICIAL ARGENTINA;CD;L ;PR;25/06/2004
;http://www.hcdmza.gov.ar/proy/viewer.php?nro=36557;36557;ARMAGNAGUE,FERNANDO;SUAREZ   ;ESTABLECIENDO UNA REBAJA DEL 30% PARA LOS CONTRIBUYENTES QUE HUBIESEN ABONADO EN TIEMPO Y FORMA DURANTE TODO EL A�O FISCAL 2003;CD;L ;PR;30/06/2004
;http://www.hcdmza.gov.ar/proy/viewer.php?nro=36593;36593;ARMAGNAGUE,FERNANDO;   ;CREANDO UNA COMISION INVESTIGADORA A LOS FINES DE DETERMINAR RESPONSABILIDADES EN LA CONTAMINACION DE LOS ACUIFEROS UBICADOS EN LA MARGEN DERECHA DEL RIO MENDOZA EN LUJAN DE CUYO;CD;R ;PR;02/07/2004
;http://www.hcdmza.gov.ar/proy/viewer.php?nro=36695;36695;ARMAGNAGUE,FERNANDO;SUAREZ   ;ESTABLECIENDO LA PROTECCION A TODAS AQUELLAS PERSONAS QUE POSEEN PLANES SOCIALES NACIONALES, PROVINCIALES O MUNICIPALES DE LA MANIPULACION POLITICA;CD;L ;PR;15/07/2004
;http://www.hcdmza.gov.ar/proy/viewer.php?nro=36807;36807;ARMAGNAGUE,FERNANDO;SUAREZ   ;OTORGANDO DERECHOS DE AGUA SUPERFICIALES A LOS INMUEBLES UBICADOS EN LA MARGEN DERECHA DEL RIO MENDOZA HACIA EL SUR, COMPRENDIDOS DENTRO DE LOS LIMITES QUE SE DETERMINAN;CD;L ;PR;28/07/2004
;http://www.hcdmza.gov.ar/proy/viewer.php?nro=36844;36844;ARMAGNAGUE,FERNANDO;   ;SOLICITANDO MIN.ECON. INFORME SOBRE MEDIDAS DE SEGURIDAD EN DISTINTOS CENTROS COMERCIALES.;CD;R ;PR;03/08/2004
;http://www.hcdmza.gov.ar/proy/viewer.php?nro=36845;36845;ARMAGNAGUE,FERNANDO;   ;SOLICITANDO A LOS ENTES REGULADORES DE ENARGAS, EPAS Y EPRE INFORME, AL 31 DE JULIO DE 2004, CUANTOS USUARIOS SE ENCUENTRAN PRIVADOS DEL SUMINISTRO DE ESTOS SERVICIOS.;CD;R ;PR;03/08/2004
;http://www.hcdmza.gov.ar/proy/viewer.php?nro=36869;36869;ARMAGNAGUE,FERNANDO;SUAREZ   ;SOLICITANDO AL PE INFORME SOBRE LA CONTAMINACION DE NAPAS FREATICAS;CD;R ;PR;04/08/2004
;http://www.hcdmza.gov.ar/proy/viewer.php?nro=36956;36956;ARMAGNAGUE,FERNANDO;CIURCA PARISI CARBALLO ;CREANDO LA DCCION. GRAL. DE ASESORAMIENTO, INFORMACION Y CONTROL LEGISLATIVO CON DEPENDENCIA ADMINISTRATIVA DE LA H. LEGISLATURA PROVINCIAL;CD;R ;PJ;12/08/2004
;http://www.hcdmza.gov.ar/proy/viewer.php?nro=37023;37023;ARMAGNAGUE,FERNANDO;SUAREZ   ;QUE CONGRESO DE LA NACION DEROGARA EL DECRETO 917/04, DE NECESIDAD Y URGENCIA, QUE ELIMINA UNA DE LAS FACULTADES MAS IMPORTENTES DEL PODER LEGISLATIVO, COMO ES EL TRATAMIENTO Y SANCION DEL PRESUPUESTO;CD;D ;PR;23/08/2004
;http://www.hcdmza.gov.ar/proy/viewer.php?nro=37201;37201;ARMAGNAGUE,FERNANDO;SUAREZ   ;ESTABLECIENDO QUE TODOS LOS PLANES SOCIALES, NACIONALES, PROVINCIALES O MUNICIPALES SERAN DISTRIBUIDOS EXCLUSIVAMENTE POR LAS IGLESIAS DE TODOS LOS CREDOS, DIRECTORES DE ESCUELAS PUBLICAS O CAMARAS DE COMERCIO;CD;L ;PR;07/09/2004
;http://www.hcdmza.gov.ar/proy/viewer.php?nro=37263;37263;ARMAGNAGUE,FERNANDO;SUAREZ   ;ESTABLECIENDO QUE TODOS LOS HABITANTES DE LA PROVINCIA TIENEN DERECHO A INFORMARSE ACCEDIENDO A FUENTES PUBLICAS DE INFORMACION;CD;L ;PR;10/09/2004
;http://www.hcdmza.gov.ar/proy/viewer.php?nro=37261;37261;ARMAGNAGUE,FERNANDO;SUAREZ   ;CREANDO UNA COMISION ESPECIAL PARA LA PRESERVACION DEL RECUROS HIDRICO PCIAL. INTEGRADA POR LOS MIEMBROS DE LAS COMISIONES DE LAC Y DE AUV;CD;R ;PR;10/09/2004
;http://www.hcdmza.gov.ar/proy/viewer.php?nro=37288;37288;ARMAGNAGUE,FERNANDO;SUAREZ   ;SOLICITANDO AL DPTO. GRAL. DE IRRIGACION INFORME SOBRE LAS MEDIDAS IMPLEMENTADAS CON MOTIVO DE LA CONTAMINACION DEL ACUIFERO SUBTERRANEO DE LA MARGEN DERECHA DEL RIO MENDOZA, PERDRIEL, AGRELO, UGARTECHE Y CARRIZAL EN LUJAN DE CUYO;CD;R ;PR;14/09/2004
;http://www.hcdmza.gov.ar/proy/viewer.php?nro=37443;37443;ARMAGNAGUE,FERNANDO;SUAREZ   ;INCLUYENDO EN LAS PLANILLAS ANALITICAS DEL PLAN DE OBRAS PUBLICAS LA CONSTRUCCION DEL POLIDEPORTIVO MUNICIPAL, DISTRITO CUADRO NACIONAL, DEPARTAMENTO SAN RAFAEL;CD;L ;PR;27/09/2004
;http://www.hcdmza.gov.ar/proy/viewer.php?nro=37487;37487;ARMAGNAGUE,FERNANDO;SUAREZ OLDRA  ;SOLICITANDO D.G.E. INFORME SOBRE LAS MEDIDAS A TOMAR CON MOTIVO DE LA CONTAMINACION CON ARSENICO QUE PRESENTA EL POZO QUE DOTA DE AGUA A LA ESCUELA 1-265 "IGNACIO MORON", DE COLONIA ITALIA, DEPTO. LAVALLE.;CD;R ;PR;29/09/2004
;http://www.hcdmza.gov.ar/proy/viewer.php?nro=37543;37543;ARMAGNAGUE,FERNANDO;   ;EXIGIENDO AL PEN PROCEDA DE INMEDIATO AL RETIRO DE RESIDUOS SOLIDOS Y COLAS DE URANIO DEL YACIMIENTO DE SIERRA PINTADA EN EL DEPTO. SAN RAFAEL.;CD;R ;PR;04/10/2004
;http://www.hcdmza.gov.ar/proy/viewer.php?nro=37556;37556;ARMAGNAGUE,FERNANDO;   ;DECLARANDO DE JURISDICCION PROVINCIAL LOS SERVICIOS DE RADIODIFUSION.;CD;L ;PR;05/10/2004
;http://www.hcdmza.gov.ar/proy/viewer.php?nro=37641;37641;ARMAGNAGUE,FERNANDO;SUAREZ SERU GARCIA MARIN LIGONIE;CONVOCANDO A UNA AUDIENCIA PUBLICA A FIN DE TRATAR EL TEMA DE JUICIO POR JURADOS, INVITANDO A DISTINTOS ESPECIALISTAS EN LA MATERIA.;CD;R ;PR;15/10/2004
;http://www.hcdmza.gov.ar/proy/viewer.php?nro=37850;37850;ARMAGNAGUE,FERNANDO;SUAREZ   ;REPUDIANDO LA INSTAURACION DEL IMPUESTO INTERNO, LLAMADA TASA DE ABASTO, POR PARTE DE MUNICIPIOS DEL CONO URBANO BONAERENSE, AL FRACCIONAMIENTO DE VINO EN ORIGEN;CD;R ;PR;03/11/2004
;http://www.hcdmza.gov.ar/proy/viewer.php?nro=37958;37958;ARMAGNAGUE,FERNANDO;BIANCHINELLI   ;DECLARANDO DE INTERES DE LA H. CAMARA AL PRIMER CONGRESO ANDINO DE TRANSPORTE DE CARGA Y DE PASAJEROS DEL MERCOSUR A REALIZARSE EN JUNIO DE 2005;CD;R ;PR;16/11/2004
;http://www.hcdmza.gov.ar/proy/viewer.php?nro=38010;38010;ARMAGNAGUE,FERNANDO;   ;REPUDIANDO EL ACUERDO CON LA REPUBLICA DE CHINA POR SUS CONSECUENCIAS ECONOMICAS PARA LA PRODUCCION DE AJO EN LA PROVINCIA;CD;R ;PR;23/11/2004
;http://www.hcdmza.gov.ar/proy/viewer.php?nro=38012;38012;ARMAGNAGUE,FERNANDO;   ;SOLICITANDO AL PE INFORME SOBRE EL ARRIBO A LA PCIA. DE AVIONES DE LA FUERZA AEREA DE LOS ESTADOS UNIDOS;CD;R ;PR;23/11/2004
;http://www.hcdmza.gov.ar/proy/viewer.php?nro=38118;38118;ARMAGNAGUE,FERNANDO;   ;ESTABLECIENDO QUE LOS FUNCIONARIOS QUE DESEMPE�EN CARGOS ELECTIVOS NO PODRAN INCUMPLIR EL TERMINO DE DURACION DEL MANDATO DE LOS MISMOS, PARA ASPIRAR OTRO CARGO ELECTIVO;CD;L ;PR;03/12/2004
;http://www.hcdmza.gov.ar/proy/viewer.php?nro=38185;38185;ARMAGNAGUE,FERNANDO;SUAREZ   ;CREANDO LA ESCUELA DE REMO PROVINCIAL DEPENDIENTE DE LA DCCION. DE DEPORTE DE LA PROVINCIA;CD;L ;PR;14/12/2004
;http://www.hcdmza.gov.ar/proy/viewer.php?nro=38236;38236;ARMAGNAGUE,FERNANDO;SUAREZ   ;SOLICITANDO AL PE QUE A TRAVES DEL MINIST. DE ECONOMIA INSTRUYA AL IPV PARA QUE REALICE LOS CONTROLES  DE LOS VINOS PROCEDENTES DE LA RIOJA CON RESPECTO AL GRADO ALCOHOLICO;CD;D ;PR;20/12/2004
;http://www.hcdmza.gov.ar/proy/viewer.php?nro=38294;38294;ARMAGNAGUE,FERNANDO;   ;SOLICITANDO AL MINIST. DE HACIENDA INFORME SI LA EMPRESA IVISA REALIZA LA TAREA DE COMPUTOS EN EL INSTITUTO PCIAL. DE JUEGOS Y CASINOS;CD;R ;PR;27/12/2004
;http://www.hcdmza.gov.ar/proy/viewer.php?nro=38300;38300;ARMAGNAGUE,FERNANDO;SUAREZ   ;SOLICITANDO INFORMES A LOS MINIST. DE AMBIENTE Y OP Y DE HACIENDA SOBRE LOS MOTIVOS POR LOS QUE EL GALPON DE ESTACIONAMIENTO PARA OMNIBUS QUE SE ENCUENTRA EN COMODATO, FACILITADO A LA EMPRESA EL CACIQUE S.A. NO HA SIDO DEVUELTO AL ESTADO PCIAL.;CD;R ;PR;27/12/2004
;http://www.hcdmza.gov.ar/proy/viewer.php?nro=38710;38710;ARMAGNAGUE,FERNANDO;SUAREZ   ;SOLICITANDO AL MINIST. DE AMBIENTE Y OP INFORME SOBRE VARIOS TEMAS REFERIDOS AL AEROPUERTO ING. FCO. GABRIELLI;CD;R ;PR;01/03/2005
;http://www.hcdmza.gov.ar/proy/viewer.php?nro=38707;38707;ARMAGNAGUE,FERNANDO;SUAREZ   ;MODIFICANDO EL ART. 144 DE LA CONSTITUCION PCIAL. PROPICIANDO LA CREACION DE UN TRIBUNAL DE GARANTIAS CONSTITUCIONALES, QUE ABSORBA LAS ATRIBUCIONES Y COMPETENCIAS DE LA SUPREMA CORTE DE JUSTICIA CONSAGRADAS EN LOS ARTS. 3, 4 Y 5 DEL ART. 144;CD;L ;PR;01/03/2005
;http://www.hcdmza.gov.ar/proy/viewer.php?nro=38708;38708;ARMAGNAGUE,FERNANDO;SUAREZ   ;ESTABLECIENDO QUE TODA NEGOCIACION O CONVENCION CELEBRADA CON NACIONES EXTRANJERAS SERA FACULTAD EXCLUSIVA DEL GOBERNADOR DE LA PCIA, NO PUDIENDO SER DELEGADA EN MINISTROS O FUNCIONARIOS PUBLICOS;CD;L ;PR;01/03/2005
;http://www.hcdmza.gov.ar/proy/viewer.php?nro=38716;38716;ARMAGNAGUE,FERNANDO;SUAREZ   ;SOLICITANDO AL PE INFORME SI EL DR. CARLOS VARELA HA SIDO CONTRATADO POR EL GOBIERNO PCIAL. COMO ABOGADO DEFENSOR DE FUNCIONARIOS PUBLICOS;CD;R ;PR;01/03/2005
;http://www.hcdmza.gov.ar/proy/viewer.php?nro=38717;38717;ARMAGNAGUE,FERNANDO;SUAREZ ZARAGOZA  ;CREANDO UNA COMISION INVESTIGADORA A FIN DE DETERMINAR LAS RESPONSABILIDADES POR LA MORTANDAD DE PECES EN LOS EMBALSES DEL SUR DE LA PROVINCIA;CD;R ;PR;01/03/2005
;http://www.hcdmza.gov.ar/proy/viewer.php?nro=38709;38709;ARMAGNAGUE,FERNANDO;   ;QUE EL PE PCIAL. SOLICITARA AL PEN GESTIONES PARA TERMINAR CON LA DESIGUALDAD DE LOS PRODUCTORES DE MANZANA DE LA PCIA. FRENTE A LOS PRODUCTORES DE SAN JUAN Y DE LA PATAGONIA;CD;D ;PR;01/03/2005
;http://www.hcdmza.gov.ar/proy/viewer.php?nro=38801;38801;ARMAGNAGUE,FERNANDO;SUAREZ   ;FACULTANDO AL PE QUE MODIFIQUE LA PARTIDA PRESUPUESTARIA CORRESPONDIENTE A FIN DE EJECUTAR LA REPAVIMENTACION Y ACONDICIONAMIENTO DE LA CALLE BRANDSEN DESDE SAN MARTIN A CIPOLETTI, LUJAN DE CUYO;CD;L ;PR;10/03/2005
;http://www.hcdmza.gov.ar/proy/viewer.php?nro=38895;38895;ARMAGNAGUE,FERNANDO;SUAREZ   ;SOLICITANDO AL PE EL ENVIO DEL UN PROYECTO DE LEY QUE MODIFIQUE LA LEY 7005 DE MANERA QUE SE ESTABLEZCA PARA LAS PROXIMAS ELECCIONES EL SISTEMA DE INTERNAS ABIERTAS SIMULTANEAS;CD;R ;PR;22/03/2005
;http://www.hcdmza.gov.ar/proy/viewer.php?nro=38921;38921;ARMAGNAGUE,FERNANDO;SUAREZ   ;SOLICITANDO AL PE A TRAVES DEL MINIST. DE JUST. INFORME SOBRE LAS RAZONES POLITICAS Y ECONOMICAS QUE MOTIVARON LA CONTRATACION DE UN ASESOR DE IMAGEN PARA ESE MINISTERIO;CD;R ;PR;28/03/2005
;http://www.hcdmza.gov.ar/proy/viewer.php?nro=38937;38937;ARMAGNAGUE,FERNANDO;   ;SOLICITANDO AL PE QUE A TRAVES DEL MINIST. DE JUSTICIA INFORME SOBRE LAS RAZONES POR LAS QUE NO SE INCORPORARON A LOS AGENTES PENITENCIARIOS QUE CUMPLIERON CON EL CURSO DE CAPACITACION;CD;R ;PR;29/03/2005
;http://www.hcdmza.gov.ar/proy/viewer.php?nro=39136;39136;ARMAGNAGUE,FERNANDO;SUAREZ   ;SOLICITANDO PE CONVOQUE A ELECCIONES GENERALES PARA RENOVACION DE CARGOS LEGISLATIVOS PROVINCIAL EL MISMO DIA ESTABLECIDAS POR EL PODER EJECUTIVO NACIONAL.;CD;D ;PR;25/04/2005
;http://www.hcdmza.gov.ar/proy/viewer.php?nro=39137;39137;ARMAGNAGUE,FERNANDO;SUAREZ   ;CREANDO EN EL BERMEJO, GLLEN, EL CENTRO DE SALUD "BARRIO COOP. BERMEJO";CD;L ;PR;25/04/2005
;http://www.hcdmza.gov.ar/proy/viewer.php?nro=39138;39138;ARMAGNAGUE,FERNANDO;SUAREZ   ;INCLUYENDO EN EL PLAN DE OP LA CONSTRUCCION DE UN POLIDEPORTIVO MUNICIPAL EN MONTE COMAN, SAN RAFAEL;CD;L ;PR;25/04/2005
;http://www.hcdmza.gov.ar/proy/viewer.php?nro=39273;39273;ARMAGNAGUE,FERNANDO;SUAREZ   ;INCLUYENDO EN EL PLAN DE OP LA CONSTRUCCION DEL PLAYON DEPORTIVO DE LA ESCUELA "MANUEL BELGRANO" DE CA�ADA SECA, SAN RAFAEL;CD;L ;PR;12/05/2005
;http://www.hcdmza.gov.ar/proy/viewer.php?nro=39331;39331;ARMAGNAGUE,FERNANDO;   ;SOLICITANDO AL FISCAL DE ESTADO REMITA COPIA CERTIFICADA DE LOS DICTAMENES EMITIDOS POR ESE ORGANISMO DURANTE EL 2005 EN ACTUACIONES JURIDICAS EN LAS QUE EL IPV HAYA SIDO LA PARTE DEMANDADA;CD;R ;PR;18/05/2005
;http://www.hcdmza.gov.ar/proy/viewer.php?nro=39454;39454;ARMAGNAGUE,FERNANDO;SUAREZ   ;SOLICITANDO AL MINIST. DE JUSTICIA Y SEG. INFORME SOBRE EL DESTACAMENTO POLICIAL DEL BARRIO FLORES SUR, EN GUAYMALLEN;CD;R ;PR;03/06/2005
;http://www.hcdmza.gov.ar/proy/viewer.php?nro=39463;39463;ARMAGNAGUE,FERNANDO;SUAREZ   ;SOLICITANDO AL PE QUE A TRAVES DE LA DGE Y MUNICIPALIDAD DE LAVALLE GESTIONEN LA SOLUCION DEL PROBLEMA DE TRANSPORTE DE LOS ESTUDIANTES DE JOCOLI;CD;R ;PR;06/06/2005
;http://www.hcdmza.gov.ar/proy/viewer.php?nro=39479;39479;ARMAGNAGUE,FERNANDO;SUAREZ   ;MODIFICANDO EL ART 188 DE LA CONSTITUCION DE LA PROVINCIA;CD;L ;PR;07/06/2005
;http://www.hcdmza.gov.ar/proy/viewer.php?nro=39486;39486;ARMAGNAGUE,FERNANDO;SUAREZ   ;SOLICITANDO AL MINIST. DE AMBIENTE Y OP INFORME SOBRE LOS TRANSFORMADORES CON PCB EN EL LIQUIDO REFRIGERANTE;CD;R ;PR;08/06/2005
;http://www.hcdmza.gov.ar/proy/viewer.php?nro=39547;39547;ARMAGNAGUE,FERNANDO;SUAREZ   ;AUTORIZANDO EL CAMBIO DE PARTIDA PRESUPUESTARIA NECESARIO PARA LA CONTRATACION DEL SERVICIO MEDICO DE EMERGENCIA PARA LA ESCUELA 1-006 "JUAN JOSE PASO" DRUMMOND, LUJAN DE CUYO;CD;L ;PR;14/06/2005
;http://www.hcdmza.gov.ar/proy/viewer.php?nro=39620;39620;ARMAGNAGUE,FERNANDO;SUAREZ   ;ESTABLECIENDO EL REGIMEN DE INMUNIDADES CONSTITUCIONALES DE LOS FUNCIONARIOS PUBLICOS;CD;L ;PR;22/06/2005
;http://www.hcdmza.gov.ar/proy/viewer.php?nro=39829;39829;ARMAGNAGUE,FERNANDO;SUAREZ   ;SOLICITANDO A ENARGAS INFORME SOBRE EL DESTINO DE LA DIFERENCIA EXISTENTE ENTRE LA DOTACION DE GAS DE PERFORACION ENVIADA DESDE EL YACIMIENTO MOLLARES Y LA AFECTADA A LA PROVISION DE GNC EN LA CIUDAD DE MALARGUE;CD;R ;PR;19/07/2005
;http://www.hcdmza.gov.ar/proy/viewer.php?nro=39868;39868;ARMAGNAGUE,FERNANDO;SUAREZ   ;AUTORIZANDO AL PE PARA QUE PROCEDA A LA CONSTRUCCION DE LA PRESADE EMBALSE PORTEZUELO DEL VIENTO CON LA CENTRAL HIDROELECTRICA Y LA SISTEMATIZACION DEL RIEGO EN EL RIO GRANDE, MALARGUE;CD;L ;PR;26/07/2005
;http://www.hcdmza.gov.ar/proy/viewer.php?nro=39946;39946;ARMAGNAGUE,FERNANDO;SUAREZ   ;REGULANDO LAS CONDICIONES A LAS QUE DEBE SOMETERSE LA UBICACION, INSTALACION Y FUNCIONAMIENTO DE LAS ANTENAS DE TELEFONIA MOVIL;CD;L ;PR;01/08/2005
;http://www.hcdmza.gov.ar/proy/viewer.php?nro=40076;40076;ARMAGNAGUE,FERNANDO;SUAREZ   ;SUSTITUYENDO EL PRIMER PARRAFO DEL ART. 64 DE LA LEY 2144;CD;L ;PR;19/08/2005
;http://www.hcdmza.gov.ar/proy/viewer.php?nro=40241;40241;ARMAGNAGUE,FERNANDO;SUAREZ   ;MODIFICANDO EL ART. 1 DE LA LEY 2144;CD;L ;PR;05/09/2005
;http://www.hcdmza.gov.ar/proy/viewer.php?nro=40242;40242;ARMAGNAGUE,FERNANDO;SUAREZ   ;ADHIRIENDO A LA LEY NACIONAL NRO. 25854 -REGISTRO UNICO DE ADOPTANTES;CD;L ;PR;05/09/2005
;http://www.hcdmza.gov.ar/proy/viewer.php?nro=40281;40281;ARMAGNAGUE,FERNANDO;SUAREZ   ;CREANDO A CARGO DE LA H. CAMARA EL DICTADO ANUAL DE LA CATEDRA DE DERECHOS PARLAMENTARIO;CD;R ;PR;07/09/2005
;http://www.hcdmza.gov.ar/proy/viewer.php?nro=40291;40291;ARMAGNAGUE,FERNANDO;SUAREZ   ;SOLICITANDO AL MINIST. DE AMB. Y OP QUE INFORME SOBRE LA REUBICACION DE LOS VECINOS DE POTRERILLOS;CD;R ;PR;09/09/2005
;http://www.hcdmza.gov.ar/proy/viewer.php?nro=40425;40425;ARMAGNAGUE,FERNANDO;   ;MARCO JURIDICO PARA EL ORDENAMIENTO TERRITORIAL Y USOS DEL SUELO EN LA PROVINCIA;CD;L ;PR;23/09/2005
;http://www.hcdmza.gov.ar/proy/viewer.php?nro=40452;40452;ARMAGNAGUE,FERNANDO;SUAREZ   ;MODIFICANDO LAS LEYES 2551, 1079 Y 4746 Y CREANDO EL REGISTRO DE PLANES SOCIALES;CD;L ;PR;27/09/2005
;http://www.hcdmza.gov.ar/proy/viewer.php?nro=40576;40576;ARMAGNAGUE,FERNANDO;SUAREZ   ;CREANDO UN PROGRAMA PROVINCIAL DE SE�ALIZACION VIAL DE LAS RUTAS PROVINCIALES.;CD;L ;PR;12/10/2005
;http://www.hcdmza.gov.ar/proy/viewer.php?nro=40758;40758;ARMAGNAGUE,FERNANDO;SUAREZ   ;MODIFICANDO LOS ARTS. 3, 4 Y 5 DEL DECRETO 354/05 QUE ESTABLECE EL REGIMEN TARIFARIO Y DE DESCUENTOS PARA LE EMPRESA PCIAL. DE TRANSPORTE Y TROLEBUSES;CD;L ;PR;31/10/2005
;http://www.hcdmza.gov.ar/proy/viewer.php?nro=40759;40759;ARMAGNAGUE,FERNANDO;SUAREZ   ;EXPRESANDO SU BENEPLACITO POR LA PARTICIPACION DE LA CIUDADANIA DE MZA. EN LA CUARTA ENMIENDA CONSTITUCIONAL, MEDIANTE EL SISTEMA DE REFERENDUM;CD;D ;PR;31/10/2005
;http://www.hcdmza.gov.ar/proy/viewer.php?nro=40823;40823;ARMAGNAGUE,FERNANDO;SUAREZ   ;SOLICITANDO AL PE QUE INFORME SOBRE LA APARICION DE AGUA EN EL PASTAL, EN LA CALLE REMEDIOS DE ESCALADA AL 700 DE DORREGO, GLLEN., EN CHACRAS DE CORIA Y EN CARRODILLA;CD;R ;PR;09/11/2005
;http://www.hcdmza.gov.ar/proy/viewer.php?nro=40932;40932;ARMAGNAGUE,FERNANDO;SUAREZ   ;REPUDIANDO ENERGICAMENTE CONDUCTAS Y HECHOS COMO LO PROTAGONIZADO POR EL SR. LORENZO BOROCOTO JR.;CD;D ;PR;23/11/2005
;http://www.hcdmza.gov.ar/proy/viewer.php?nro=41129;41129;ARMAGNAGUE,FERNANDO;SUAREZ   ;SOLICITANDO AL MINIST. DE AMB. Y OP. INFORME SOBRE EL TRANSPORTE PUBLICO DE PASAJEROS;CD;R ;PR;13/12/2005
;http://www.hcdmza.gov.ar/proy/viewer.php?nro=41233;41233;ARMAGNAGUE,FERNANDO;SUAREZ   ;REPUDIANDO LAS EXPRESIONES DE LA SENADORA NACIONAL CRISTINA FERNANDEZ DE KIRCHNER CONTRA UN PERIODISTA DEL DIARIO LA NACION;CD;R ;PR;27/12/2005
;http://www.hcdmza.gov.ar/proy/viewer.php?nro=41265;41265;ARMAGNAGUE,FERNANDO;SUAREZ   ;DECLARANDO EN EMERGENCIA ECONOMICA A LAS ZONAS DEL DEPTO. LAVALLE, AFECTADAS POR LA TORMENTA DEL 29-12-05;CD;D ;PR;02/01/2006
;http://www.hcdmza.gov.ar/proy/viewer.php?nro=41424;41424;ARMAGNAGUE,FERNANDO;   ;EXPRESANDO EL REPUDIO A LOS DECRETOS PRESIDENCIALES QUE RESTABLEZCAN, AMPLIEN O CONCESIONEN PRIVILEGIO ALGUNO A REGIMENES DE DIFERIMIENTO IMPOSITIVO;CD;R ;PR;08/02/2006
;http://www.hcdmza.gov.ar/proy/viewer.php?nro=41654;41654;ARMAGNAGUE,FERNANDO;SUAREZ   ;DECLARANDO DE INTERES CULTURAL EL 1ER. ENCUENTRO NACIONAL DE FLAMENCO DENOMINADO "MAYO FLAMENCO EN MENDOZA";CD;D ;PR;09/03/2006
;http://www.hcdmza.gov.ar/proy/viewer.php?nro=41658;41658;ARMAGNAGUE,FERNANDO;SUAREZ   ;DECLARANDO DE INTERES DE LA H. CAMARA AL PROGRAMA "CENAS DE GALA DE CACHO BOUZA";CD;R ;PR;10/03/2006
;http://www.hcdmza.gov.ar/proy/viewer.php?nro=41803;41803;ARMAGNAGUE,FERNANDO;SUAREZ   ;QUE PE GESTIONARA ANTE EL P.E.N. UN PROGRAMA DE APOYO ECONOMICO Y DIFERIMIENTO DEL I.V.A. PAA EMPRESAS DE GENERAL ALVEAR.;CD;D ;PR;28/03/2006
;http://www.hcdmza.gov.ar/proy/viewer.php?nro=41794;41794;ARMAGNAGUE,FERNANDO;SUAREZ   ;SOLICITANDO AL INSTITUTO NACIONAL DE VITIVINICULTURA INFORME EL TERMINO DE LA FECHA DE FINALIZACION DE LA COSECHA DE UVA.;CD;R ;PR;29/03/2006
;http://www.hcdmza.gov.ar/proy/viewer.php?nro=41802;41802;ARMAGNAGUE,FERNANDO;SUAREZ   ;DISPONIENDO LA REALIZACION DE GESTIONES ANTE EL P.E. PARA LA IMPLEMENTACION DE UNA LINEA DE CREDITO PARA LOS PROYECTOS DE INVERSION PARA PROFESIONALES DE GENERAL ALVEAR.;CD;R ;PR;29/03/2006
;http://www.hcdmza.gov.ar/proy/viewer.php?nro=41837;41837;ARMAGNAGUE,FERNANDO;   ;EXPRESANDO CON BENEPLACITO LAS ACCIONES EFECTUADAS POR LA MINISTRO DE ECONOMIA EN CUANTO A LA PERMANENCIA DE LAS NORMAS TECNICAS EN MATERIA DE LIBERACION DE VINOS Y EN TODO LO REFERENTE A LA ULTIMA COSECHA DEL SECTOR VITIVINICOLA.;CD;D ;PR;03/04/2006
;http://www.hcdmza.gov.ar/proy/viewer.php?nro=41978;41978;ARMAGNAGUE,FERNANDO;   ;AGREGANDO ELART. 285 BIS AL CODIGO FISCAL;CD;L ;PR;24/04/2006
;http://www.hcdmza.gov.ar/proy/viewer.php?nro=42005;42005;ARMAGNAGUE,FERNANDO;   ;MODIFICANDO EL ART. 31 DE LA LEY 2144;CD;L ;PR;26/04/2006
;http://www.hcdmza.gov.ar/proy/viewer.php?nro=42004;42004;ARMAGNAGUE,FERNANDO;SUAREZ   ;SOLICITANDO AL DPTO. GRAL. DE IRRIGACION QUE INFORME SI ESTARIA EN CONOCIMIENTO DE LA CONTAMINACION  QUE ESTARIAN PRODUCIENDO LAS FISURAS DEL OLEODUCTO LAS CATITAS-VILLA MERCEDES EN ELTRAMO LAS CATITAS-RIO DESAGUADERO;CD;R ;PR;26/04/2006
;http://www.hcdmza.gov.ar/proy/viewer.php?nro=42030;42030;ARMAGNAGUE,FERNANDO;   ;REALIZANDO A TRAVES DE LA COMISION DE ECONOMIA, LAS GESTIONES NECESARIAS ANTE EL PE PARA IMPLEMENTAR UNA LINEA DE CREDITO PARA ESTUDIANTES UNIVERSITARIOS QUE DEBAN TRASLADARSE A MENDOZA PARA REALIZAR SUS CARRERAS;CD;R ;PR;28/04/2006
